,Trans_ID,Region,Product_category,Sales_date,Cust_ID,Product_ID,Product_Name,Quantity,Unit_Price,Discount,Total_Sales
0,KGsoHiqWVara,Asia,Furniture,2023-07-11,CK323129,19054,Product 1,6,61.74,0.05,351.918
1,kj2nKh14MYWB,Asia,Furniture,2023-07-03,WW030907,10037,Product 8,6,72.96,0.06,411.4943999999999
2,VeY8VHbnwMeG,Europe,Furniture,2023-05-30,DB609859,16488,Product 8,7,76.53,0.28,385.71119999999996
3,aIrplLM1ztyk,Asia,Electronics,2023-07-15,JY198747,18721,Product 9,2,87.84,0.09,159.86880000000002
4,zFxrPhjmCJDE,North America,Clothing,2023-07-20,WT728547,12870,Product 5,7,31.25,0.07,203.43749999999997
5,wUkCP1dTgMvW,Europe,Electronics,2023-04-20,LU185027,17993,Product 14,6,82.5,0.06,465.29999999999995
6,QRCTt7FpFlNw,Europe,Clothing,2023-06-04,EF539436,18258,Product 19,4,73.46,0.19,238.0104
7,rPRVDWSotC2O,North America,Automobile,2023-10-13,GT200935,12610,Product 15,10,37.97,0.05,360.71500000000003
8,47HCL1IJEFfu,North America,Clothing,2023-04-22,BM633964,15897,Product 14,2,55.32,0.2,88.512
9,RugrAL8kIbPx,Asia,Electronics,2023-02-11,GI734263,14530,Product 3,7,39.92,0.07,259.87919999999997
10,tOgG9E5XzFyT,Middle East,Electronics,2023-05-17,GF341963,12964,Product 3,9,81.15,0.09,664.6185
11,VOvC80DeKS84,Middle East,Clothing,2023-07-14,GU715442,13373,Product 10,1,32.67,0.18,26.789400000000004
12,xkEKnGNsQgsC,Middle East,Furniture,2023-03-13,IB566804,12328,Product 10,6,87.03,0.14,449.0748
13,YfpFP8A0G7Nh,Europe,Furniture,2023-02-27,TY603171,11197,Product 8,7,87.69,0.28,441.95759999999996
14,9IkE01ZoNavu,Europe,Clothing,2023-06-29,LW864857,19637,Product 18,9,40.27,0.02,355.18140000000005
15,yrrFnTpKE9qs,Middle East,Electronics,2023-10-22,BX182057,12346,Product 9,5,52.06,0.25,195.22500000000002
16,Cleer32n76wX,North America,Clothing,2023-01-23,NQ614014,14283,Product 11,6,61.33,0.16,309.10319999999996
17,sfOQXCU72fRw,Asia,Clothing,2023-10-21,MX148504,17723,Product 20,6,97.41,0.15,496.79099999999994
18,uio3Dev0HKtN,Europe,Furniture,2023-07-11,UF006007,12460,Product 14,1,79.61,0.3,55.727
19,AY7APxPqtDGA,Middle East,Furniture,2023-05-12,SQ098768,16901,Product 2,4,10.68,0.18,35.0304
20,E52P54KIGkPE,Europe,Furniture,2023-02-09,IQ286662,15405,Product 18,4,75.79,0.03,294.0652
21,GLOtFgfhLbGf,Europe,Clothing,2023-03-20,VK381854,11220,Product 14,10,23.81,0.25,178.575
22,Zw2QIeJrv0nb,Middle East,Electronics,2023-05-30,RB425476,18149,Product 20,7,63.14,0.07,411.0414
23,9EL9hOZfOo1W,North America,Electronics,2023-07-13,LL078199,18378,Product 19,3,78.06,0.06,220.12920000000003
24,x8fXPBT661qF,Asia,Furniture,2023-03-17,JS338234,13089,Product 1,4,13.66,0.14,46.9904
25,Hlb6Blx83Y7w,Asia,Furniture,2023-05-30,VY961896,10963,Product 2,2,32.63,0.11,58.0814
26,TY9LSV9jiGhH,Middle East,Clothing,2023-08-15,LI104727,17245,Product 13,9,99.87,0.15,764.0055
27,EfpyC0Wev4GM,Asia,Electronics,2023-03-18,RO458818,16182,Product 3,2,32.75,0.02,64.19
28,3EuPz02DiNXv,North America,Automobile,2023-09-03,LM845453,18378,Product 15,3,68.78,0.16,173.3256
29,CbjOyrw0s1tS,North America,Electronics,2023-07-05,IG528857,15742,Product 19,4,13.13,0.11,46.7428
30,mlBiS39pul3H,North America,Automobile,2023-07-05,GT240601,12368,Product 2,2,20.32,0.27,29.6672
31,P0gLBQCIGn8j,Middle East,Electronics,2023-10-10,VD985070,19414,Product 16,5,33.31,0.0,166.55
32,sJK2lsMxenTH,Asia,Electronics,2023-08-16,CT544724,17632,Product 15,10,17.28,0.09,157.24800000000002
33,MiCABsIgW0cb,Asia,Clothing,2023-08-27,KZ307510,17142,Product 2,6,30.62,0.11,163.51080000000002
34,k7wcGDJE4Rvj,Europe,Automobile,2023-04-19,UO536479,15926,Product 5,10,64.26,0.12,565.488
35,k8hBqxbOcORP,Middle East,Furniture,2023-08-23,DK115354,14925,Product 18,8,87.74,0.3,491.34399999999994
36,LI21wlKvliTY,Europe,Electronics,2023-02-16,TY995602,10084,Product 15,9,55.37,0.25,373.74749999999995
37,BgJprmyjfRST,Asia,Electronics,2023-08-13,QU763041,18245,Product 12,1,31.96,0.06,30.0424
38,IpXm7wfQSN0b,Asia,Furniture,2023-01-15,HC126004,18040,Product 1,4,88.2,0.1,317.52000000000004
39,d9qaXDi0RCOw,North America,Automobile,2023-08-26,DF183370,15388,Product 17,9,45.83,0.01,408.34529999999995
40,ob5tt2mCA682,Asia,Electronics,2023-01-19,HN493483,19581,Product 1,3,80.36,0.06,226.6152
41,GVEZRvB5uKnt,Middle East,Clothing,2023-03-28,JD810420,11067,Product 15,9,74.73,0.18,551.5074000000001
42,w47YHLpyCQrh,North America,Clothing,2023-08-06,CS390628,13607,Product 2,3,62.22,0.09,169.8606
43,8c3cSInkBt6x,Asia,Clothing,2023-02-13,RW305929,16311,Product 6,10,33.62,0.18,275.684
44,C8DrfmU72ivS,Middle East,Clothing,2023-08-17,FU943622,18427,Product 18,7,18.46,0.03,125.34340000000002
45,wTZd9u0PtYrB,Europe,Automobile,2023-02-18,LI416639,15068,Product 10,9,73.09,0.06,618.3414
46,EnScu6ToE45c,Asia,Automobile,2023-01-14,GD553060,19870,Product 13,3,67.23,0.27,147.2337
47,deLryPwUIF4s,Middle East,Automobile,2023-07-05,ZB394921,13844,Product 20,2,40.64,0.02,79.6544
48,L3JbOudZhyD1,Middle East,Furniture,2023-04-07,GY207466,15187,Product 17,3,49.58,0.26,110.0676
49,U5AVUBR2Kmpc,Middle East,Automobile,2023-03-19,IN879028,15427,Product 13,7,81.08,0.27,414.31879999999995
50,naDSP0WLU8ZF,Middle East,Furniture,2023-03-18,WQ081533,15065,Product 13,4,59.31,0.27,173.1852
51,5OR19rYMRRsl,Asia,Clothing,2023-05-22,YH488031,13504,Product 6,4,18.59,0.12,65.4368
52,auOSx6QGx1zK,North America,Electronics,2023-04-07,FY868391,17581,Product 17,9,40.75,0.24,278.73
53,f5Fiut4HfXjx,Europe,Automobile,2023-06-12,RW165509,15625,Product 20,5,35.09,0.14,150.887
54,Z7JIUupC2AO0,Middle East,Furniture,2023-02-10,WF735302,14524,Product 20,7,90.15,0.25,473.2875000000001
55,VGhd2wE3ZbCa,Europe,Furniture,2023-01-09,II844046,11352,Product 7,2,41.11,0.03,79.7534
56,RcKpdWy2pTvw,Asia,Furniture,2023-06-10,ZC224441,12043,Product 19,4,62.48,0.2,199.936
57,pjI91MWtknhT,Asia,Electronics,2023-08-14,TV423631,19189,Product 12,10,19.09,0.25,143.17499999999998
58,hM5259Cn2COA,Asia,Electronics,2023-04-19,US749722,14445,Product 15,3,30.44,0.19,73.9692
59,ZACzyxuZ5vpE,Asia,Furniture,2023-07-04,SE923337,15922,Product 10,5,93.04,0.22,362.856
60,OReUrMGH5rqD,Middle East,Automobile,2023-09-02,OG874620,19825,Product 11,10,98.76,0.07,918.4680000000001
61,XudpTtv6ktcY,Middle East,Electronics,2023-01-29,QE513739,12394,Product 18,10,57.77,0.11,514.153
62,9nqWrgVU70mS,Europe,Clothing,2023-10-13,PI121163,16431,Product 8,10,30.12,0.18,246.98400000000004
63,3Or7FApD2Qt7,North America,Electronics,2023-09-20,SG695285,14383,Product 13,6,92.63,0.03,539.1066
64,jTAjhkmUvrSE,Asia,Electronics,2023-03-21,JW009757,16418,Product 20,2,52.1,0.04,100.032
65,WaEJ3jw4qbzv,Europe,Electronics,2023-01-06,TK800726,10542,Product 12,8,84.57,0.28,487.12319999999994
66,1yaKdNOklUA5,Asia,Electronics,2023-03-30,SZ104871,12329,Product 3,4,10.27,0.25,30.81
67,N0LvDQhz0Xwh,Middle East,Automobile,2023-06-29,KA682287,16435,Product 3,2,53.93,0.09,98.1526
68,4xzj23cmb1oB,Asia,Automobile,2023-10-23,ZF827606,15959,Product 2,2,23.77,0.18,38.982800000000005
69,KgOLNuDwJvTc,North America,Clothing,2023-01-23,CC587221,19571,Product 5,10,36.43,0.09,331.513
70,gAwdZLzVTTdx,Asia,Furniture,2023-03-17,RJ926558,14616,Product 4,1,89.99,0.19,72.8919
71,0Lt9DCWQ98Q9,Middle East,Electronics,2023-07-31,UV170679,14106,Product 17,2,51.48,0.05,97.81199999999998
72,uyej0WowI4Oj,Middle East,Electronics,2023-05-30,CS343736,12589,Product 2,1,31.06,0.11,27.6434
73,Sm5veYZ8ckWC,Europe,Electronics,2023-07-09,AD215411,18865,Product 10,7,49.38,0.23,266.1582
74,LExqPDTwLg2r,Europe,Furniture,2023-07-19,IX238294,16614,Product 17,5,56.1,0.16,235.62
75,4pGocqSspv3f,Asia,Furniture,2023-10-21,AJ603181,18962,Product 11,3,58.48,0.04,168.42239999999998
76,r92UgXL0vAOy,Europe,Furniture,2023-07-18,GL341958,15888,Product 9,8,65.35,0.27,381.64399999999995
77,6nwpy0EtG4s3,North America,Electronics,2023-07-19,WK750922,15929,Product 2,6,41.94,0.19,203.82840000000002
78,qIte6Idvx3fH,Europe,Automobile,2023-08-12,IH289630,11034,Product 11,6,44.79,0.27,196.1802
79,gCFAFy48q5JN,North America,Electronics,2023-01-25,CO422329,18005,Product 8,9,52.68,0.21,374.55480000000006
80,x8AwNO70cOdv,Asia,Furniture,2023-01-16,PN814436,19831,Product 18,8,34.12,0.24,207.44959999999998
81,W3s4u21Vrv70,Europe,Clothing,2023-06-25,OW578801,16683,Product 19,7,41.64,0.24,221.5248
82,HIL3ezodlpCA,North America,Electronics,2023-07-13,II316645,11578,Product 7,3,51.6,0.27,113.00399999999999
83,i7Jdl68jewwR,North America,Clothing,2023-07-06,PX561412,14134,Product 14,3,64.85,0.19,157.5855
84,ltKyCwW9Dpjf,Europe,Clothing,2023-05-21,IL253303,18582,Product 16,3,44.01,0.27,96.3819
85,clW0EWb4kNnr,Europe,Electronics,2023-03-17,LT227034,19726,Product 3,4,68.98,0.24,209.69920000000002
86,3w0KdmcUQad5,Asia,Furniture,2023-06-21,OS234663,15670,Product 7,1,87.47,0.14,75.2242
87,e4q55JfAvQpI,North America,Furniture,2023-05-22,FZ331754,19377,Product 10,7,11.0,0.05,73.14999999999999
88,Ur3CfnRSG103,Asia,Automobile,2023-05-09,GB664358,11813,Product 6,10,93.13,0.04,894.048
89,3JZ98VxmGa4g,Asia,Electronics,2023-09-29,UA991938,18400,Product 15,7,66.74,0.09,425.13379999999995
90,i55JBJZyUnKy,Europe,Automobile,2023-01-17,FO437631,19217,Product 19,4,58.83,0.24,178.8432
91,cRd7GE9iBCAS,North America,Electronics,2023-02-14,UV229309,17030,Product 18,9,29.82,0.09,244.22580000000002
92,T9hR1c9rSA0i,North America,Clothing,2023-08-27,HH351147,11923,Product 7,9,34.35,0.25,231.8625
93,OXM4TWNPlaGS,Middle East,Furniture,2023-03-11,YQ320899,10336,Product 14,7,68.67,0.12,423.0072
94,GDZaCt28tOzD,Middle East,Automobile,2023-02-09,GB533020,19606,Product 19,6,95.02,0.07,530.2115999999999
95,0eukh4dOaEh4,Europe,Clothing,2023-03-08,IS070417,12883,Product 19,3,91.27,0.29,194.4051
96,zAhh4vlbLJB2,North America,Electronics,2023-05-04,FB640353,18905,Product 15,9,95.73,0.16,723.7188
97,h1tXnU5kE5oc,Europe,Electronics,2023-01-13,YJ227132,14561,Product 13,1,62.07,0.13,54.0009
98,vjFgzQOrk7Tc,North America,Automobile,2023-09-11,XJ208859,15624,Product 13,8,24.3,0.19,157.46400000000003
99,h2vYFT5oQQQW,Middle East,Automobile,2023-07-25,DY984432,10474,Product 18,10,10.93,0.06,102.74199999999999
100,4duj1Ix8vp4u,North America,Clothing,2023-09-11,GJ127408,15004,Product 5,9,77.4,0.23,536.3820000000001
101,HASy9Nf1Q0yM,North America,Furniture,2023-06-09,NZ817220,10829,Product 16,4,50.79,0.28,146.27519999999998
102,0NmgFfpoFUHO,Asia,Electronics,2023-10-01,WF612421,13534,Product 5,3,56.94,0.09,155.44619999999998
103,rYBAJItIrhNR,Europe,Electronics,2023-09-07,IL823097,19474,Product 3,8,27.07,0.08,199.23520000000002
104,bxOpSMtMW0hO,North America,Automobile,2023-09-18,OP308659,19866,Product 19,4,69.28,0.17,230.0096
105,ypKyF1yMgGGv,Asia,Furniture,2023-01-05,VO991710,16182,Product 11,6,87.74,0.29,373.77239999999995
106,rrZCUtY7q7jz,Asia,Furniture,2023-04-30,YQ329508,13501,Product 8,3,63.99,0.14,165.0942
107,8sqOyODuWCoS,Asia,Automobile,2023-02-03,MP405509,16661,Product 5,1,65.53,0.11,58.3217
108,uNyQrwFlPaOT,Europe,Electronics,2023-10-25,EQ492459,14066,Product 16,1,41.31,0.22,32.2218
109,gTQv4Qr9xPgY,Europe,Furniture,2023-10-18,YW714567,12666,Product 18,6,68.6,0.09,374.556
110,CZ5T6gb7PI75,North America,Electronics,2023-04-08,OU196471,12859,Product 5,1,36.57,0.27,26.6961
111,6zkbDj5Dar8l,Asia,Furniture,2023-02-28,FT650603,12697,Product 8,4,75.78,0.25,227.34
112,40ZufSK2vvdI,Asia,Automobile,2023-09-26,XX567831,13167,Product 3,9,47.86,0.27,314.44019999999995
113,xHhThPp3Qqn0,Middle East,Automobile,2023-08-10,AM070373,12934,Product 19,3,92.24,0.05,262.88399999999996
114,gyHb0ncueVED,Europe,Furniture,2023-05-10,CP062106,17883,Product 12,5,50.46,0.16,211.93200000000002
115,oR22Dp9Hhr9g,Europe,Electronics,2023-04-05,HN098306,14740,Product 18,4,35.34,0.14,121.56960000000001
116,7o7haq8gWssS,Europe,Furniture,2023-01-18,PJ072371,11921,Product 3,2,42.86,0.19,69.4332
117,Bhy4mOS5G9n8,Asia,Clothing,2023-01-07,KV006635,16061,Product 8,6,95.17,0.23,439.6854
118,6msLa7C5p51a,Middle East,Automobile,2023-06-24,QZ127815,19473,Product 11,5,87.96,0.15,373.8299999999999
119,EX0wgmELoDOu,Asia,Automobile,2023-07-30,YZ941454,13981,Product 16,8,36.57,0.11,260.3784
120,SPhdGbAg8Hxh,Asia,Automobile,2023-08-04,MD858110,12981,Product 19,7,38.92,0.08,250.64480000000003
121,BxFnIZWGwGJU,Europe,Electronics,2023-09-13,MY941202,17647,Product 1,9,66.7,0.21,474.237
122,mgkvtqmlRVyv,North America,Furniture,2023-04-04,NW896585,17920,Product 13,2,43.96,0.16,73.8528
123,knxfUpqGzsOY,North America,Clothing,2023-08-16,DZ888887,13853,Product 19,7,77.59,0.11,483.38570000000004
124,TRA2jI2BuRYA,Middle East,Furniture,2023-04-04,VA691341,15338,Product 17,9,54.59,0.16,412.7004
125,13SixPkC9PRg,Europe,Automobile,2023-03-01,BL699162,10330,Product 8,7,34.39,0.28,173.3256
126,NCCjeZNEa2pa,Europe,Furniture,2023-07-01,KN401765,19485,Product 13,4,72.86,0.26,215.66559999999998
127,JJa4RTuChjCL,Asia,Furniture,2023-07-28,WN880418,18377,Product 11,8,55.05,0.23,339.108
128,Lz7LVlF6Y30D,North America,Clothing,2023-07-08,RJ994167,14454,Product 5,4,64.86,0.29,184.20239999999998
129,Bl7J6e2B0JUm,Middle East,Automobile,2023-01-25,DU151993,15492,Product 6,1,89.84,0.05,85.348
130,1m08Z7VQCCrG,Asia,Clothing,2023-05-20,YZ530692,16239,Product 12,2,12.52,0.26,18.5296
131,4M4EvB7r6tSZ,Middle East,Furniture,2023-09-25,BP707280,12733,Product 14,8,77.79,0.18,510.3024000000001
132,RLp2jiXycGnz,Europe,Electronics,2023-01-07,KK536999,10268,Product 12,1,40.94,0.09,37.2554
133,xtmuHj2f4mCY,Europe,Electronics,2023-03-31,VH836764,11074,Product 10,7,79.23,0.18,454.78020000000004
134,WkTTXf7WsSjL,Europe,Furniture,2023-01-06,PK082812,11927,Product 18,4,18.43,0.26,54.5528
135,Up5wr9GdZKav,Middle East,Electronics,2023-08-28,JG884929,19228,Product 20,5,85.78,0.07,398.87699999999995
136,oKppLKnFEYt4,North America,Furniture,2023-10-22,XW868773,13431,Product 7,8,21.52,0.23,132.5632
137,HWqnpYqXDxoj,North America,Furniture,2023-10-30,YG189135,11617,Product 5,4,12.39,0.17,41.1348
138,mmwfLnMp7wRK,Asia,Automobile,2023-03-17,KS624909,15786,Product 14,9,17.46,0.15,133.56900000000002
139,lNd4MzIjoOR0,Middle East,Clothing,2023-05-21,TE247546,17683,Product 10,5,12.89,0.24,48.982
140,iarQhDluIcFv,Middle East,Clothing,2023-06-11,ZW262254,12794,Product 4,10,92.22,0.11,820.758
141,HITGxg2lsdrl,Europe,Clothing,2023-07-10,YY433050,19359,Product 17,6,28.08,0.06,158.3712
142,47ncitkkpy6I,North America,Electronics,2023-02-10,XG734921,16205,Product 19,5,52.57,0.23,202.39450000000002
143,cex1Ncku8ZjZ,Asia,Furniture,2023-04-06,LO523598,16299,Product 9,9,46.88,0.2,337.53600000000006
144,6i5HxVY1KqpY,North America,Furniture,2023-06-18,IY171145,14816,Product 5,7,25.39,0.28,127.9656
145,RMqOwMaczmbG,Asia,Electronics,2023-02-04,PQ916774,12710,Product 6,5,39.67,0.17,164.63049999999998
146,9sUk4RQxCuqa,Asia,Automobile,2023-08-28,FQ501757,11014,Product 14,2,35.33,0.07,65.71379999999999
147,Dj4onBDds5Y7,Middle East,Electronics,2023-05-06,AE705632,19508,Product 5,6,27.36,0.29,116.55359999999999
148,NIxQPjbX14SI,Middle East,Furniture,2023-10-11,MR748990,18597,Product 15,5,46.44,0.21,183.43800000000002
149,L5suxtMAkL8d,Middle East,Automobile,2023-04-08,BF355390,11259,Product 4,3,30.61,0.01,90.9117
150,RXu5xFUkPWs2,Middle East,Clothing,2023-07-04,QJ002051,13625,Product 9,9,53.47,0.05,457.16849999999994
151,ZxeSUrLkCqNH,Asia,Furniture,2023-01-08,JV855256,11296,Product 19,4,76.25,0.02,298.9
152,NsgQ91bqQTaQ,Europe,Clothing,2023-04-16,LR131056,13748,Product 8,10,49.64,0.05,471.58000000000004
153,xhwtA0FJFlCE,Middle East,Clothing,2023-01-06,GG448164,13454,Product 12,9,48.41,0.09,396.4779
154,r2rRqu2NQCQC,Asia,Electronics,2023-02-08,XD788304,10684,Product 3,3,48.51,0.04,139.7088
155,yJH4QyONISx7,Middle East,Clothing,2023-07-28,QQ750031,10382,Product 18,5,12.89,0.07,59.938500000000005
156,RI0ld17bP4CZ,North America,Automobile,2023-04-11,RQ864751,11628,Product 14,4,10.82,0.07,40.2504
157,s02sljlyqrQ7,North America,Furniture,2023-08-07,AF716547,11292,Product 10,9,11.6,0.3,73.08
158,E893RQTVEH1h,North America,Furniture,2023-02-03,LE866105,19521,Product 12,1,30.18,0.24,22.9368
159,6XMmChY2AiBw,Europe,Clothing,2023-09-30,LH820910,16211,Product 17,4,56.57,0.23,174.2356
160,xDd5wqaTlDb6,Europe,Electronics,2023-09-19,QD545295,13887,Product 2,9,34.69,0.24,237.2796
161,B6ElCchkdcMA,Europe,Clothing,2023-09-08,DS247526,18068,Product 13,2,23.68,0.2,37.888
162,ka0LdXAqoa26,North America,Automobile,2023-05-25,DK023740,14010,Product 11,4,55.72,0.05,211.736
163,29racVi0KYlZ,Europe,Furniture,2023-03-14,YL108226,15817,Product 5,6,95.69,0.03,556.9158
164,e8PcXO1fEEKL,North America,Furniture,2023-09-25,NH183496,10401,Product 15,7,16.34,0.2,91.504
165,G1PqsNaKn5UW,Middle East,Automobile,2023-07-09,OU601690,13200,Product 17,2,14.42,0.04,27.6864
166,1lHFo39igRa0,Asia,Automobile,2023-06-09,LT341253,13103,Product 8,1,16.46,0.2,13.168000000000001
167,h2DxO88tJjzP,Middle East,Furniture,2023-10-07,NC685898,10847,Product 13,6,26.77,0.19,130.1022
168,eP47yUN6807D,Middle East,Automobile,2023-08-10,GA100122,11843,Product 13,8,68.4,0.21,432.28800000000007
169,yOZFr3hGgF8A,Asia,Clothing,2023-08-09,FG304841,13527,Product 2,8,32.24,0.08,237.28640000000001
170,WPL51SHCTCOu,Middle East,Electronics,2023-04-19,BL261168,14322,Product 9,5,23.42,0.29,83.14099999999999
171,9OG0OKlyj2ln,North America,Automobile,2023-10-13,ZF547912,10403,Product 1,1,10.81,0.26,7.9994000000000005
172,HC5ixbSfepf8,North America,Electronics,2023-07-22,YV777821,13634,Product 13,4,14.84,0.1,53.424
173,fWs4LwwoYIzS,Middle East,Electronics,2023-05-30,JB413925,13105,Product 9,10,38.94,0.25,292.04999999999995
174,nof7BYLhMWYs,Middle East,Furniture,2023-10-27,SK068154,11277,Product 8,5,62.79,0.06,295.113
175,loSPPWwJiaiQ,Middle East,Automobile,2023-09-08,DG284052,16640,Product 14,7,58.22,0.23,313.8058
176,KlloohMLzT2m,Europe,Clothing,2023-07-03,BU740379,14447,Product 6,10,96.43,0.23,742.5110000000001
177,UVEplnOkA89q,Asia,Automobile,2023-07-09,LI466740,11897,Product 6,10,92.53,0.11,823.517
178,JJGvzdCS21hc,Europe,Electronics,2023-06-06,SC469534,16408,Product 13,3,15.04,0.11,40.156800000000004
179,hDVjzV7EnPjK,Middle East,Electronics,2023-06-18,JM891726,18506,Product 13,2,43.03,0.1,77.45400000000001
180,T7koHejjBVxv,Asia,Automobile,2023-08-30,JS679108,11690,Product 11,9,79.41,0.27,521.7237
181,MDwW5HxqWTh5,Asia,Clothing,2023-09-17,MY544993,19319,Product 9,1,23.89,0.11,21.2621
182,CGqnZi4dCDOG,Europe,Furniture,2023-06-27,ET455386,11866,Product 10,1,13.29,0.25,9.9675
183,Qs9mpmY2WK6T,Asia,Clothing,2023-10-20,II687628,18466,Product 11,10,71.31,0.09,648.921
184,D4ysyEHnMps5,Asia,Electronics,2023-01-15,XF385761,13245,Product 5,8,75.53,0.01,598.1976
185,aIvd7MYXV3l3,Europe,Automobile,2023-06-22,DI523210,15364,Product 6,7,21.35,0.09,135.9995
186,X92h6xrd5Pz1,Middle East,Electronics,2023-07-13,AM464827,17612,Product 12,5,53.6,0.09,243.88000000000002
187,GIKb3hjJ8gG3,North America,Automobile,2023-03-29,HT780649,12263,Product 9,10,67.33,0.24,511.70799999999997
188,nHJWcda8arpY,Asia,Furniture,2023-10-07,WM054233,11311,Product 18,2,15.06,0.09,27.409200000000002
189,K77jP47Hz9MU,Middle East,Clothing,2023-02-21,LR126806,14955,Product 16,3,52.03,0.2,124.87200000000001
190,ZFNJDhN84Niv,North America,Electronics,2023-10-26,CY230679,12100,Product 7,8,37.74,0.14,259.6512
191,ulgZ34TO0khZ,North America,Furniture,2023-06-19,RW387138,10633,Product 9,7,21.21,0.05,141.0465
192,1Md7FejYqOpD,Middle East,Furniture,2023-01-26,UQ209079,17112,Product 2,7,87.21,0.19,494.4807
193,L8TFrhT5V9Bz,Middle East,Clothing,2023-03-03,TM978924,14809,Product 11,8,70.85,0.09,515.788
194,wQQlXEIqQbl9,Middle East,Clothing,2023-02-14,JA874030,19828,Product 1,2,86.49,0.14,148.7628
195,xLvm8cDAaS4R,North America,Clothing,2023-04-01,XU835786,11429,Product 17,2,42.59,0.27,62.181400000000004
196,LkP8HQ2HufnX,Europe,Furniture,2023-05-08,YD464074,19119,Product 6,4,75.19,0.25,225.57
197,G1gwy2vYtCKK,Asia,Furniture,2023-05-26,MJ613224,15543,Product 17,6,13.95,0.01,82.863
198,nLb58zuy4jqb,North America,Furniture,2023-07-15,LZ287176,18182,Product 3,9,84.16,0.01,749.8656
199,94xeXzep689k,Europe,Automobile,2023-03-24,PQ912373,14483,Product 15,10,43.3,0.06,407.02
200,9mS3Z44zO01g,Europe,Clothing,2023-04-25,HD328486,12159,Product 8,4,70.93,0.15,241.162
201,nMlioNBYvKy0,North America,Clothing,2023-02-18,NT171353,13706,Product 19,8,26.1,0.11,185.83200000000002
202,YzC3zxo4awXq,Asia,Furniture,2023-02-12,IT777106,14266,Product 2,2,76.47,0.19,123.8814
203,5YpeiFvYg97D,Middle East,Furniture,2023-06-04,OP691703,15595,Product 7,5,70.24,0.14,302.032
204,eZfZbey5OI7M,Middle East,Clothing,2023-01-08,CJ416997,19726,Product 12,9,69.19,0.05,591.5745
205,O6Nnr0bg8K7G,North America,Automobile,2023-06-29,UM131566,15063,Product 14,7,28.42,0.13,173.0778
206,pufV1lQcZwyd,Europe,Furniture,2023-03-14,OY928524,17262,Product 11,7,33.1,0.19,187.67700000000002
207,Jw4AI4f1KFeN,Europe,Automobile,2023-02-23,TV930174,13660,Product 12,2,47.57,0.02,93.2372
208,NdmDvsazoHLL,North America,Clothing,2023-07-02,AJ472973,13925,Product 16,4,43.58,0.04,167.3472
209,bRtZlGChYEip,Middle East,Automobile,2023-08-30,DM356970,13396,Product 2,8,19.61,0.26,116.0912
210,7T92qQrdP2iz,Middle East,Automobile,2023-08-31,MY726831,16640,Product 15,2,93.91,0.17,155.89059999999998
211,hMJq4oNdLnC4,Asia,Clothing,2023-05-25,DL143802,12452,Product 19,7,60.73,0.21,335.8369
212,h0izY0mXKWLj,North America,Automobile,2023-09-19,BB033245,11421,Product 4,2,85.18,0.14,146.5096
213,aGQpFy6ChbY3,North America,Electronics,2023-01-13,GW110994,18329,Product 6,4,62.81,0.07,233.6532
214,l2VgsueVOJf3,Asia,Furniture,2023-03-01,QX631939,18597,Product 12,1,28.36,0.13,24.673199999999998
215,Xc4HGpCCvGDO,Middle East,Clothing,2023-10-24,ZT441969,19224,Product 18,8,46.82,0.26,277.1744
216,ovXrlLoxGGhZ,Middle East,Furniture,2023-09-28,EV107462,13105,Product 2,5,98.93,0.01,489.7035
217,WhxYU7lZi8V7,Asia,Clothing,2023-08-01,BO015081,18596,Product 5,6,50.77,0.26,225.4188
218,cMsivvrAvX5O,Europe,Furniture,2023-10-12,ML947409,12957,Product 9,4,99.31,0.07,369.4332
219,DtLXf6qd6yUi,North America,Clothing,2023-02-25,IZ542684,17271,Product 5,9,72.81,0.05,622.5255
220,iOPPDabhYoAB,North America,Clothing,2023-10-15,GH607320,18105,Product 14,3,41.17,0.04,118.56960000000001
221,btm76CQLWIae,Middle East,Clothing,2023-07-02,DR366600,11758,Product 11,10,21.27,0.18,174.41400000000002
222,ukN0NGMGpAfl,Asia,Clothing,2023-06-14,VJ525889,19715,Product 15,6,24.62,0.16,124.0848
223,SVUCnRq0GPGD,Asia,Electronics,2023-03-25,AH815194,18012,Product 15,6,73.78,0.16,371.8512
224,4HF6j9nc6g0S,Asia,Furniture,2023-01-29,NM372492,13979,Product 3,3,36.65,0.18,90.159
225,Iojrzhr08ucD,Middle East,Furniture,2023-08-07,WJ027950,12103,Product 16,10,53.09,0.18,435.3380000000001
226,sUXxoTlQKpjY,North America,Clothing,2023-02-28,SS765323,16389,Product 4,3,95.35,0.13,248.8635
227,FapY3jCFz7k3,North America,Electronics,2023-03-25,AJ900760,11460,Product 19,3,94.12,0.07,262.59479999999996
228,DZDsde9R8jqi,Middle East,Automobile,2023-09-23,BQ404609,10979,Product 1,6,27.97,0.16,140.9688
229,aNlqxWqPmu9H,North America,Furniture,2023-02-21,UT521066,13757,Product 5,1,48.93,0.09,44.5263
230,WGQqUYLbOzLO,Middle East,Automobile,2023-02-04,JZ079804,13106,Product 15,6,70.96,0.24,323.57759999999996
231,K38k4G1ZmP0x,Europe,Furniture,2023-05-19,YU740669,19533,Product 20,4,99.53,0.25,298.59000000000003
232,2oyucvr80nmb,Asia,Automobile,2023-01-17,TS793010,13224,Product 20,10,33.91,0.26,250.93399999999997
233,549mPCisD10J,North America,Electronics,2023-10-07,PC068877,11190,Product 17,9,56.46,0.01,503.0586
234,kQgeeLwHWAxl,Asia,Electronics,2023-09-03,OL011696,15355,Product 8,4,82.03,0.13,285.4644
235,i7QxX5KwfTVL,Europe,Electronics,2023-05-01,JV999846,13278,Product 14,3,66.78,0.11,178.3026
236,NPxQMuOJvw43,Middle East,Clothing,2023-04-18,RD823237,16598,Product 13,5,47.95,0.22,187.00500000000002
237,n0c8Uk5pTpXW,Middle East,Automobile,2023-05-28,YP796486,16618,Product 4,1,63.21,0.29,44.8791
238,mmHtYirFazTG,Middle East,Furniture,2023-08-01,XD673574,10618,Product 20,4,53.29,0.12,187.5808
239,5q2fCf5oqiCy,North America,Electronics,2023-02-18,DF532852,19369,Product 6,3,52.23,0.07,145.7217
240,YeTUbOkFgehf,North America,Clothing,2023-07-26,SZ197540,17515,Product 16,4,69.01,0.15,234.63400000000001
241,pcFjbRIUGDMK,North America,Clothing,2023-10-16,ZQ119571,11752,Product 10,2,83.64,0.07,155.57039999999998
242,V7SfZgnfZdFS,Europe,Clothing,2023-07-14,FF462793,16996,Product 4,7,59.35,0.19,336.5145
243,MLIWahkoOa2n,Middle East,Electronics,2023-10-08,SM641804,11443,Product 10,7,44.71,0.23,240.98690000000002
244,FQKFARYxNpSe,Middle East,Furniture,2023-08-02,WQ037822,15607,Product 8,2,69.72,0.17,115.73519999999999
245,7EwbY9CTXgGk,Asia,Automobile,2023-01-18,OC928020,15382,Product 12,8,15.0,0.13,104.4
246,0ngv8CsMGtzs,Asia,Clothing,2023-08-21,QZ849957,13486,Product 1,5,84.95,0.14,365.285
247,Fs2VLne7l6oO,North America,Automobile,2023-08-29,BC717249,13923,Product 18,2,50.4,0.08,92.736
248,6fAp60B7WXVr,Middle East,Furniture,2023-02-25,XO594306,10720,Product 18,9,13.72,0.19,100.01880000000001
249,Yvvju12mlnTd,Europe,Automobile,2023-04-17,DS722261,16451,Product 9,4,38.66,0.3,108.24799999999999
250,9TRe2IQ37zl1,Europe,Automobile,2023-03-18,PT830061,19688,Product 17,3,27.89,0.27,61.0791
251,3rSrNtfc5qY4,North America,Automobile,2023-07-29,VA012802,11702,Product 18,3,56.29,0.05,160.42649999999998
252,2aaowNMz2q8C,Middle East,Furniture,2023-04-06,YL392091,18926,Product 2,9,55.89,0.22,392.3478
253,nHVKV9rK88AA,North America,Clothing,2023-01-28,FI852741,13650,Product 17,10,43.99,0.3,307.93
254,E5WfSgagDSOl,North America,Automobile,2023-08-06,GA656998,13989,Product 14,2,65.95,0.03,127.943
255,eqmwGQev8bn3,Europe,Furniture,2023-01-22,UM903377,10103,Product 4,8,66.23,0.29,376.1864
256,yfRsl6De5qmH,North America,Electronics,2023-05-23,CK629870,16554,Product 20,7,77.23,0.13,470.3307
257,LATPEjMtu7FK,Asia,Electronics,2023-10-08,UH206283,18127,Product 19,8,78.4,0.27,457.856
258,KAddMyRDCZzF,North America,Clothing,2023-05-22,TW897563,19217,Product 9,8,91.68,0.08,674.7648
259,eBjM8WaQXUgO,Asia,Clothing,2023-07-21,CW993785,10092,Product 15,6,71.0,0.27,310.98
260,yOkQfR8JlbSq,Asia,Electronics,2023-04-18,OU655827,16882,Product 1,8,23.33,0.02,182.9072
261,S5BhAJpSv44a,Europe,Furniture,2023-08-03,ZL613100,17236,Product 3,5,70.45,0.07,327.59250000000003
262,reKz3RHWiHFW,North America,Furniture,2023-05-17,AM015442,10279,Product 6,1,97.37,0.05,92.5015
263,XzTgnOwdctAh,Middle East,Electronics,2023-01-09,RD421184,16977,Product 1,7,56.49,0.26,292.6182
264,HVGsajBxvesw,North America,Clothing,2023-07-12,ZO415955,19270,Product 19,9,51.94,0.17,387.9918
265,LJjCrrUdmXxs,Middle East,Automobile,2023-06-16,FX637628,18397,Product 8,8,63.04,0.18,413.54240000000004
266,ewoPqjnbpxza,Europe,Electronics,2023-10-26,WX403192,19016,Product 17,3,65.68,0.22,153.69120000000004
267,mnmeTPHNFNMX,Europe,Furniture,2023-05-22,US992279,15683,Product 4,8,35.44,0.18,232.4864
268,ko30XxTNbpmp,North America,Clothing,2023-09-02,XX342853,10060,Product 1,6,39.79,0.21,188.6046
269,20ORgzDoOx6P,Europe,Furniture,2023-09-15,PN472383,16910,Product 16,9,66.8,0.24,456.91200000000003
270,fQgBtpF5CcwZ,Europe,Electronics,2023-10-25,FD378054,18252,Product 5,1,93.87,0.11,83.5443
271,avzS27Tr6Ie7,North America,Automobile,2023-10-15,IA998419,11346,Product 14,6,56.1,0.3,235.61999999999998
272,sYRMsOsTYCR8,North America,Electronics,2023-04-12,JA280551,12440,Product 5,4,13.46,0.08,49.53280000000001
273,LE0yZIygEdqU,North America,Clothing,2023-05-02,JH477167,18247,Product 12,9,55.48,0.11,444.3948
274,J3LrfAPxwl4M,Europe,Furniture,2023-05-02,FS872234,19679,Product 10,3,88.69,0.05,252.7665
275,UZA7LQxdbMrt,Middle East,Automobile,2023-05-22,ZJ826503,16643,Product 7,2,81.63,0.16,137.1384
276,AIRgP8FW4wPM,Europe,Automobile,2023-10-02,VD589873,19012,Product 9,9,19.52,0.26,130.0032
277,APwwenW8E2Jp,Middle East,Electronics,2023-06-10,GA859635,13045,Product 17,8,45.7,0.28,263.232
278,ligx5kJ52hUQ,Middle East,Clothing,2023-01-18,QP614350,10456,Product 13,4,47.47,0.21,150.0052
279,3dQkIILG8iAT,Asia,Electronics,2023-01-29,FJ073978,10289,Product 16,6,41.93,0.19,203.77980000000002
280,N3mWVWTxzIyl,Asia,Automobile,2023-08-31,BA228417,11869,Product 2,10,30.4,0.1,273.6
281,hBhr3QxQwtlx,North America,Clothing,2023-03-08,IB899587,10900,Product 20,1,68.0,0.11,60.52
282,8Jv7DyLhqisg,Asia,Clothing,2023-03-26,AL414152,13387,Product 3,5,21.6,0.27,78.84
283,qCrU2inNLoC1,Asia,Automobile,2023-08-04,US705729,14142,Product 5,8,53.08,0.23,326.9728
284,iOjyzm4PJ699,Asia,Electronics,2023-02-09,SC454819,18678,Product 7,9,98.29,0.3,619.227
285,BilMXZcVy2rt,Europe,Automobile,2023-06-24,IV490937,18362,Product 2,2,49.44,0.13,86.0256
286,Sb5TsSMjDgsc,Middle East,Furniture,2023-04-11,WP993773,17850,Product 7,3,22.97,0.25,51.6825
287,OQyr9xsZBzkJ,Europe,Furniture,2023-01-10,LD756662,13866,Product 13,6,82.88,0.25,372.96
288,s5NpnK03RCV5,Asia,Automobile,2023-10-12,HK715256,19107,Product 6,4,98.01,0.11,348.91560000000004
289,eIAlapbAqaw7,Asia,Furniture,2023-07-31,CD863251,19795,Product 12,1,51.89,0.24,39.4364
290,LpHiR6KjkSVj,Europe,Electronics,2023-10-12,HU121068,18275,Product 12,4,52.79,0.06,198.4904
291,WGz8Br2P1x65,Asia,Furniture,2023-01-31,FN247063,19708,Product 18,1,58.18,0.07,54.1074
292,REjg8AgKWWoo,North America,Automobile,2023-08-21,RS177155,17825,Product 3,6,72.38,0.12,382.16639999999995
293,YTOUT9ZX8GTN,Europe,Furniture,2023-09-10,BW561963,17071,Product 15,9,52.83,0.1,427.923
294,IIR2tximlFKm,North America,Automobile,2023-05-16,VN545673,15694,Product 3,4,29.76,0.24,90.47040000000001
295,QxJvOaS0P4lx,Middle East,Clothing,2023-08-18,AP289173,17288,Product 9,8,54.25,0.08,399.28000000000003
296,pxABccH8OsR2,Asia,Clothing,2023-04-17,MP014068,14613,Product 7,9,80.27,0.0,722.43
297,tKYqJjf0cLXA,North America,Electronics,2023-07-09,OF186489,16593,Product 3,8,90.21,0.02,707.2464
298,qbPrWHw9nuKv,Middle East,Automobile,2023-10-10,JR533041,18609,Product 3,5,72.23,0.2,288.92
299,eHhiU6w7E9dn,North America,Automobile,2023-03-10,DS716448,11133,Product 2,1,32.95,0.18,27.019000000000005
300,uH2eEmlJFuCb,Asia,Furniture,2023-08-26,SQ582093,18261,Product 5,7,64.06,0.15,381.157
301,6NSa4dZujdyD,Middle East,Clothing,2023-09-13,DE551674,10588,Product 11,10,37.98,0.16,319.0319999999999
302,bdgSC4j42AKT,Asia,Furniture,2023-06-16,CP881943,18123,Product 8,8,17.48,0.18,114.6688
303,tUVZrXrz11Sq,Asia,Clothing,2023-07-19,RC779612,19221,Product 15,10,87.88,0.15,746.9799999999999
304,5rXRL5uwNShA,North America,Clothing,2023-03-22,SF892306,13941,Product 14,3,32.24,0.07,89.9496
305,JpLddXTOSYDa,Europe,Electronics,2023-04-06,HI288873,14117,Product 11,9,43.72,0.18,322.6536
306,97oLgXO6xagc,Asia,Electronics,2023-08-02,JC049488,10581,Product 16,9,33.79,0.22,237.2058
307,KsOJyNKKSEeT,North America,Automobile,2023-02-25,AC280373,17371,Product 15,7,54.58,0.1,343.854
308,0EGP8FFgptsJ,Europe,Furniture,2023-03-31,CV124410,18459,Product 15,3,11.06,0.15,28.203
309,pURFdryRMQri,North America,Automobile,2023-05-13,IJ970967,11201,Product 17,4,52.84,0.16,177.54240000000001
310,1avA2tCqLqwH,Asia,Automobile,2023-05-21,YX585690,18348,Product 14,3,11.82,0.15,30.141000000000002
311,XexUAiFOURKt,Asia,Electronics,2023-08-03,QB514120,13820,Product 6,7,26.29,0.21,145.3837
312,G9lEbVKl7wIk,Europe,Clothing,2023-03-01,DO274701,14849,Product 16,7,42.72,0.04,287.0784
313,Ur2ZRW24mhpz,Europe,Automobile,2023-04-05,TG399028,10981,Product 9,9,47.57,0.25,321.0975
314,oOagGMEQQBbI,Asia,Electronics,2023-08-19,XM822250,17622,Product 15,6,62.27,0.23,287.6874
315,eZ9qvq1BIQMR,Europe,Electronics,2023-06-03,DF711281,16401,Product 13,2,51.1,0.26,75.628
316,ELKqcF3FItGa,Europe,Automobile,2023-04-13,GD732935,19895,Product 10,8,74.19,0.21,468.8808
317,hc0hNI3ypJDw,Asia,Furniture,2023-06-08,IG716711,13007,Product 3,2,84.1,0.04,161.47199999999998
318,USxgXPMQIESe,Europe,Automobile,2023-01-09,EL170940,11064,Product 17,6,53.88,0.27,235.99439999999998
319,IeL2JFMLIPpA,Europe,Furniture,2023-07-14,OG391225,10288,Product 12,5,87.13,0.19,352.87649999999996
320,SvC03zApnDc7,Middle East,Furniture,2023-07-13,PD680006,18408,Product 10,10,10.35,0.02,101.42999999999999
321,MpmrCVoF52zD,Asia,Electronics,2023-07-20,CO085234,19378,Product 2,2,87.06,0.02,170.6376
322,C2An76YjtObb,North America,Furniture,2023-09-23,JC218201,19220,Product 4,4,22.05,0.01,87.318
323,TytUSpx07Tmg,North America,Clothing,2023-01-21,ON649101,14056,Product 7,10,10.76,0.05,102.22
324,zskn1K4wxDJq,Europe,Electronics,2023-04-08,LT681767,13250,Product 15,9,25.81,0.01,229.9671
325,sw8YQWqkTN2W,Middle East,Clothing,2023-07-29,KV860737,12822,Product 12,5,55.95,0.24,212.61
326,0FC0zri7vaRm,Europe,Electronics,2023-03-14,GI592761,18972,Product 3,1,84.62,0.03,82.0814
327,uH4k0hy6YUf2,Asia,Automobile,2023-01-04,NE837707,11888,Product 12,6,46.49,0.21,220.3626
328,rlWjv3glRQpm,Asia,Clothing,2023-09-19,EI866401,13663,Product 20,8,29.62,0.14,203.78560000000002
329,F5tOQPH52Zyw,North America,Furniture,2023-07-27,MU188281,13561,Product 13,1,81.38,0.04,78.1248
330,tp7XDZdgf2Wn,Middle East,Electronics,2023-07-16,EV995684,10952,Product 18,9,14.81,0.03,129.2913
331,jSKJHwlbH50e,Asia,Furniture,2023-08-04,SG968944,16107,Product 13,4,77.24,0.03,299.6912
332,g6dKYEpLelyb,Europe,Automobile,2023-05-02,OP978000,14991,Product 14,3,49.17,0.26,109.15740000000001
333,Kg23a6IgZArB,Asia,Furniture,2023-03-20,EU132594,18441,Product 16,3,50.21,0.03,146.1111
334,8Dp2LZwyLQzc,North America,Furniture,2023-03-06,UZ927509,17465,Product 16,5,94.88,0.0,474.4
335,AkI0xejOoVF2,Europe,Automobile,2023-01-30,GD843387,19346,Product 9,6,21.83,0.22,102.1644
336,81Vrkbu71fQm,Europe,Electronics,2023-02-03,LH505923,12712,Product 5,1,75.81,0.26,56.0994
337,nPLRJL4LHgcA,Asia,Furniture,2023-02-20,PA186212,11439,Product 7,6,73.18,0.11,390.7812
338,jQ1UkCSK83XF,Europe,Automobile,2023-08-04,OS452475,18349,Product 14,7,25.19,0.25,132.2475
339,6dmDTdjlfzmn,North America,Furniture,2023-03-27,OE305268,14049,Product 14,4,54.65,0.19,177.066
340,1emfgDJim39L,Europe,Automobile,2023-01-20,GE593555,17164,Product 20,3,48.74,0.04,140.3712
341,CxN3vRoImePt,North America,Clothing,2023-09-03,LD249442,17962,Product 6,10,23.64,0.16,198.57600000000002
342,M2BgOXY1kJzq,North America,Electronics,2023-01-13,RF165541,18033,Product 2,3,45.12,0.05,128.59199999999998
343,mc9kuUsPkZ4L,North America,Clothing,2023-09-04,MA203294,11458,Product 3,10,22.17,0.28,159.624
344,2O0VYxJsE80A,Asia,Automobile,2023-10-04,HI177358,13180,Product 9,6,44.45,0.26,197.358
345,okJpn2jEkSTC,North America,Clothing,2023-08-17,VQ395975,11420,Product 3,9,66.79,0.19,486.89910000000003
346,44sJLfadGTke,North America,Automobile,2023-07-17,AM346358,13847,Product 9,3,38.02,0.02,111.77879999999999
347,EpOetylIL0Fa,North America,Furniture,2023-06-09,CP856111,10255,Product 1,8,33.69,0.09,245.26319999999998
348,mt6XLnpE4HK6,Asia,Clothing,2023-06-11,PO748959,18437,Product 14,6,89.42,0.08,493.5984
349,9TCJHvLIHIki,Middle East,Clothing,2023-08-31,AS080064,18630,Product 1,1,34.89,0.2,27.912000000000003
350,eH14abSFiEvE,North America,Automobile,2023-09-05,PR679136,15787,Product 12,1,10.33,0.02,10.1234
351,s4yArVlw5kvo,Middle East,Automobile,2023-02-23,AE269313,12977,Product 19,2,20.0,0.26,29.6
352,tI1pbAunOAWx,North America,Furniture,2023-04-05,DN065517,16303,Product 18,5,36.86,0.09,167.713
353,Ir8Hbxw8HTCX,Middle East,Furniture,2023-10-26,CD188885,14684,Product 10,3,28.47,0.09,77.72309999999999
354,scURbcsJz618,Europe,Clothing,2023-01-26,NN214541,16603,Product 15,1,39.32,0.26,29.096799999999998
355,oLviRaiNpXoP,North America,Electronics,2023-05-12,QH544311,15770,Product 6,4,89.03,0.03,345.4364
356,gq6cxmmvVcNM,North America,Furniture,2023-06-06,BA995185,13730,Product 6,8,43.9,0.14,302.032
357,nmI5orUyJOos,Asia,Clothing,2023-10-04,JQ689482,16704,Product 9,8,87.45,0.02,685.6080000000001
358,Lmzo64K15VZn,North America,Clothing,2023-03-16,NF074455,17480,Product 3,9,23.04,0.16,174.1824
359,n1qlkY5t8Ig2,Asia,Clothing,2023-09-03,IB474317,19860,Product 8,5,14.6,0.23,56.209999999999994
360,qCXK5Ef77Bf4,Middle East,Electronics,2023-03-30,YP323668,15458,Product 8,8,11.88,0.16,79.8336
361,RJGIgOlcuG32,North America,Automobile,2023-09-23,QG041017,19551,Product 2,8,82.26,0.07,612.0144
362,IslCP8Z6lv6f,Asia,Clothing,2023-04-13,SN218032,18048,Product 6,7,61.3,0.04,411.9359999999999
363,D2UmpTqPjhU5,Middle East,Electronics,2023-01-12,OA064099,16211,Product 9,9,15.1,0.22,106.00200000000001
364,0UjY76K8xiaj,Middle East,Clothing,2023-03-27,BD689983,10143,Product 20,7,53.97,0.13,328.6773
365,0bkHTIhsvgZj,Asia,Electronics,2023-10-05,OP808021,18528,Product 16,4,46.72,0.17,155.1104
366,C3AZ0y5uvZXU,North America,Furniture,2023-04-26,IV399980,12072,Product 15,10,42.27,0.02,414.24600000000004
367,xLCkcKTVmVYA,Asia,Automobile,2023-03-03,QF737064,13386,Product 4,2,33.23,0.02,65.1308
368,ezhcobI8boGk,North America,Electronics,2023-04-14,HS586583,10622,Product 7,6,37.38,0.19,181.66680000000002
369,hth9cn0Bt5lT,Asia,Automobile,2023-08-04,TY290816,14933,Product 6,9,23.04,0.25,155.52
370,HnhHNnXcEDDu,Asia,Clothing,2023-09-03,OX943333,10631,Product 14,9,70.65,0.26,470.52900000000005
371,SCFmpDqxlJ76,Middle East,Automobile,2023-07-16,AW376903,12219,Product 6,10,65.51,0.23,504.427
372,a3mTJSB9pvAb,Middle East,Clothing,2023-10-24,IR046119,18385,Product 11,1,24.34,0.02,23.8532
373,SqoQfJQwR7in,North America,Electronics,2023-04-07,YK169565,19487,Product 12,3,58.44,0.21,138.5028
374,HyBxKE4YcJuy,North America,Clothing,2023-09-14,KD105402,17757,Product 16,7,74.62,0.21,412.64860000000004
375,ydGTZOnRXMbz,Asia,Electronics,2023-09-29,UT627175,16406,Product 15,4,28.0,0.16,94.08
376,EBR1Qp58YCtx,North America,Automobile,2023-04-16,FF784974,12494,Product 1,10,82.34,0.27,601.082
377,oP4Q9BntyjBv,Asia,Electronics,2023-06-19,BW655567,11133,Product 17,8,87.25,0.1,628.2
378,UHVvBOa32oeN,Middle East,Automobile,2023-02-03,IA708481,12091,Product 13,1,17.02,0.01,16.8498
379,SUoclRi7wsAW,Europe,Electronics,2023-03-13,RS967692,10378,Product 6,6,44.2,0.05,251.94
380,Iidl56t9999W,Europe,Electronics,2023-02-04,TU788379,15434,Product 9,5,18.82,0.21,74.339
381,Y9VPMFT7jekl,Europe,Clothing,2023-08-23,LW320004,16910,Product 3,1,58.99,0.02,57.8102
382,GRwyvXEoPkt9,North America,Automobile,2023-04-05,DV517347,12001,Product 18,1,61.52,0.04,59.059200000000004
383,R5ySSzahyP4m,Asia,Automobile,2023-09-29,IO555252,12235,Product 8,6,48.74,0.12,257.34720000000004
384,IG1lC6NFYXsW,Europe,Furniture,2023-03-04,CE109075,13817,Product 2,4,22.33,0.06,83.96079999999999
385,z9J1GqHppxE4,Middle East,Electronics,2023-09-02,JJ073097,12341,Product 11,2,14.22,0.28,20.4768
386,9BrpTS5PQHb6,North America,Furniture,2023-03-25,FG512920,18643,Product 11,9,63.54,0.15,486.081
387,frlCD50TC0GZ,Asia,Furniture,2023-01-31,LP953037,13903,Product 14,3,91.46,0.16,230.4792
388,pvChbCEqEHEu,Middle East,Electronics,2023-06-27,OS456675,11349,Product 11,1,26.46,0.11,23.549400000000002
389,RxyWgzXtDd8p,North America,Electronics,2023-03-05,DY835225,18332,Product 7,6,87.61,0.15,446.8109999999999
390,bTZI0H1d3zXK,Middle East,Furniture,2023-10-26,JU261055,18069,Product 17,8,63.58,0.16,427.25759999999997
391,0GZqIxZu8Jhh,Europe,Furniture,2023-10-11,TU223621,18193,Product 13,9,60.42,0.14,467.6508
392,kUqQEzRnmTvh,Asia,Clothing,2023-04-24,TX224161,19359,Product 20,10,28.36,0.23,218.37199999999999
393,my7zs9HkWynG,Middle East,Clothing,2023-04-10,FJ748049,10518,Product 6,1,89.73,0.17,74.4759
394,bkAlKJt8dova,Middle East,Clothing,2023-01-28,OP034999,16975,Product 13,9,95.71,0.23,663.2702999999999
395,2osWqi6yrZ3z,Asia,Clothing,2023-04-07,KN279141,18679,Product 1,1,49.41,0.03,47.927699999999994
396,Iat06ogVE8VV,Europe,Furniture,2023-09-18,LB613163,18007,Product 15,9,80.35,0.14,621.909
397,yUyPRNZoJiN5,Asia,Automobile,2023-02-20,DM770414,15417,Product 17,1,35.95,0.13,31.276500000000002
398,Lt3nQnQ9JlZm,North America,Automobile,2023-05-01,RX468881,12424,Product 12,4,25.21,0.11,89.7476
399,H9EjKZHu8H8x,Middle East,Clothing,2023-08-06,OW706974,18738,Product 1,9,35.3,0.14,273.222
400,0sGrRU1oZS4R,North America,Furniture,2023-08-11,KW772801,17153,Product 7,6,52.4,0.23,242.088
401,Nsvheh1Gk7A8,Europe,Clothing,2023-10-23,PF612268,18831,Product 5,4,56.32,0.24,171.21280000000002
402,OflbenpvCZau,Middle East,Automobile,2023-07-10,CS025060,10181,Product 6,9,32.72,0.3,206.13599999999997
403,FC1KOL4nJgBY,Middle East,Clothing,2023-09-07,AM642984,13212,Product 18,4,92.09,0.27,268.9028
404,yxexD3k40yh8,North America,Electronics,2023-05-25,ED510994,15652,Product 15,1,26.05,0.11,23.1845
405,yQP1O4FvMyxD,Middle East,Furniture,2023-08-31,GG830952,11527,Product 14,7,58.95,0.16,346.626
406,rqP2LSHFdLN1,North America,Automobile,2023-06-03,ZV435590,14302,Product 4,7,16.99,0.16,99.90119999999999
407,9v6wsDCJ4xVH,North America,Clothing,2023-04-21,XC536153,15608,Product 14,7,63.21,0.11,393.79830000000004
408,8bNI28gogESY,Middle East,Electronics,2023-01-11,ZR316281,16548,Product 19,8,70.11,0.11,499.1832
409,d3sJ7y1PDUBe,Europe,Automobile,2023-08-18,LE198162,13521,Product 2,10,56.38,0.19,456.67800000000005
410,UMgNi2SYuoqd,Europe,Automobile,2023-10-05,ZF753452,10640,Product 16,8,39.2,0.09,285.37600000000003
411,ZirFIAQr7PK8,Europe,Furniture,2023-02-24,LX204238,10515,Product 2,9,17.37,0.11,139.1337
412,RbcaR1gafJTF,Middle East,Furniture,2023-07-23,CF116619,15230,Product 17,8,99.2,0.25,595.2
413,Aah2Ftv2iq8W,Middle East,Furniture,2023-08-16,OW949064,12027,Product 11,6,86.56,0.16,436.26239999999996
414,l1nG1surt6QM,Europe,Electronics,2023-10-07,GI332614,11791,Product 9,1,97.07,0.3,67.94899999999998
415,qA6WPUQXw19s,North America,Furniture,2023-09-02,GD890870,19975,Product 19,2,72.8,0.21,115.024
416,vILsvJRZkT9q,Europe,Electronics,2023-03-19,DT706505,14043,Product 5,7,91.81,0.01,636.2433000000001
417,yGn8YjmGI2uv,North America,Clothing,2023-04-01,GH368778,16500,Product 10,2,56.76,0.07,105.57359999999998
418,B0dqsvg5MDgS,Middle East,Furniture,2023-02-03,QR949527,19524,Product 20,6,24.86,0.06,140.2104
419,laAREpd5Fl1S,Middle East,Clothing,2023-09-19,MT496956,17254,Product 20,3,66.42,0.04,191.2896
420,9MYdeAMNot6n,Europe,Furniture,2023-05-21,OC318789,13394,Product 3,4,95.04,0.28,273.7152
421,DWQNargViHp7,Middle East,Electronics,2023-05-01,XL588821,12901,Product 19,4,68.94,0.03,267.4872
422,o26832IRW4cI,North America,Furniture,2023-07-30,IS906667,12127,Product 14,4,91.94,0.22,286.8528
423,m5bpRU6LOlPf,Europe,Clothing,2023-06-22,YM704736,19705,Product 8,2,77.46,0.29,109.99319999999999
424,LT06CztTRHBh,Europe,Electronics,2023-02-25,EO341951,10044,Product 14,10,99.79,0.22,778.3620000000001
425,E2G6ARiTixWk,Europe,Automobile,2023-05-25,SY164437,18099,Product 20,10,75.43,0.04,724.128
426,ox7kIvNIPUwX,Asia,Electronics,2023-03-29,IB744848,10639,Product 6,8,75.01,0.0,600.08
427,PH75jDX7cYHp,North America,Electronics,2023-10-17,JO406165,12652,Product 14,5,21.08,0.3,73.77999999999999
428,ltaUxVF6s4un,Europe,Furniture,2023-03-03,RI548486,18865,Product 8,7,97.54,0.26,505.25720000000007
429,XRXZ6q3Bb9qc,North America,Clothing,2023-01-14,JO349493,19815,Product 9,6,27.22,0.06,153.52079999999998
430,YgY3D7104Cof,North America,Automobile,2023-05-10,QP114914,19464,Product 19,3,86.28,0.01,256.2516
431,rMV0YmIpmSXe,Asia,Automobile,2023-07-06,JW306868,14195,Product 8,1,45.88,0.21,36.245200000000004
432,vTy55M5tOVxF,Europe,Furniture,2023-04-03,SJ471353,15205,Product 18,3,77.0,0.08,212.52
433,CiP9bFELNcXK,North America,Clothing,2023-08-20,AX649228,18464,Product 15,7,85.83,0.28,432.5832
434,SqhPpcCoS6Rm,Middle East,Furniture,2023-10-11,UA288175,13402,Product 12,5,40.57,0.2,162.28000000000003
435,dtcugyLz7zno,Europe,Electronics,2023-05-07,TS339267,19419,Product 9,7,12.58,0.13,76.6122
436,GVIQlGGUVjpR,North America,Automobile,2023-04-25,CN566616,17234,Product 13,5,56.32,0.24,214.01600000000002
437,HAJ8SgeHQQQb,Europe,Electronics,2023-04-03,DM133695,13373,Product 14,9,46.3,0.21,329.193
438,cYFiTbxaM6Hq,North America,Clothing,2023-06-29,US644248,14442,Product 7,7,53.51,0.26,277.1818
439,CXkEifVNv3tu,Europe,Clothing,2023-05-24,LI909630,19348,Product 9,10,40.23,0.08,370.116
440,kL3NtsLPc4tC,Europe,Clothing,2023-07-14,IP916881,19743,Product 11,6,54.49,0.17,271.3602
441,6SlPZYyX979N,Asia,Automobile,2023-06-14,EN424329,11762,Product 2,7,21.4,0.05,142.31
442,dpM2x6LLMIOa,North America,Electronics,2023-04-26,NJ469191,18214,Product 3,8,41.01,0.17,272.3064
443,a9xoa8S33ctL,Middle East,Clothing,2023-06-04,YV399689,12700,Product 15,5,30.68,0.01,151.866
444,KKs50guXV1MR,North America,Electronics,2023-08-16,OK419092,18249,Product 10,9,75.25,0.07,629.8425
445,CP6B3nm1kuEV,North America,Clothing,2023-10-15,DN406835,12808,Product 17,3,38.05,0.22,89.03699999999999
446,cxy474dPOn6W,Middle East,Automobile,2023-02-11,NT677098,13870,Product 8,6,14.92,0.09,81.4632
447,HnzOwweJwexl,Europe,Furniture,2023-09-01,PA615880,19536,Product 2,10,63.07,0.17,523.481
448,PTchacsT7crU,North America,Furniture,2023-08-14,SW241691,11032,Product 20,4,31.83,0.3,89.124
449,RlCF194ebNWt,Europe,Furniture,2023-06-05,TF026099,14976,Product 12,2,19.49,0.09,35.4718
450,tODGiNb7KeCf,Middle East,Electronics,2023-02-10,WC605048,18280,Product 17,3,38.77,0.09,105.84210000000002
451,UAN88W0xO53X,Asia,Furniture,2023-06-22,ZZ518941,18397,Product 6,2,36.39,0.29,51.6738
452,kSfLeVtQFKBR,North America,Electronics,2023-09-24,ZE011170,10847,Product 4,9,93.46,0.19,681.3234
453,UeWSWsSGvnEs,Europe,Clothing,2023-05-02,PY498704,14945,Product 13,3,92.12,0.04,265.30559999999997
454,MUUWJzNHV2Pq,Middle East,Automobile,2023-08-24,YK476045,11967,Product 8,3,23.19,0.26,51.48180000000001
455,aZPmuGh5eAmz,Europe,Furniture,2023-01-28,NV330310,13636,Product 15,8,93.13,0.01,737.5895999999999
456,CuwhImJcfund,Asia,Clothing,2023-02-18,QU468854,18715,Product 3,3,29.58,0.2,70.992
457,SJVVG8AckIiJ,North America,Furniture,2023-07-01,FC448396,19005,Product 14,2,88.11,0.24,133.9272
458,XLwtmd5KTJWE,Europe,Clothing,2023-05-06,QC613048,19295,Product 7,2,29.99,0.06,56.38119999999999
459,MExZKEEj9aIP,Asia,Clothing,2023-06-13,SL407050,14321,Product 20,10,88.74,0.3,621.18
460,5xyNjeRGISxR,North America,Electronics,2023-01-14,HR106519,18265,Product 14,8,18.22,0.17,120.98079999999999
461,gQ84MEOPOiBv,Europe,Automobile,2023-09-06,MP257726,17413,Product 9,1,98.37,0.02,96.4026
462,lfUlzm8OxOiv,North America,Clothing,2023-04-16,OS115491,12959,Product 13,5,14.82,0.03,71.877
463,JaKZnAGdAzMO,North America,Clothing,2023-07-07,SD228815,10690,Product 7,6,89.0,0.15,453.9
464,bXb9SypKJkXB,Europe,Furniture,2023-04-02,OO815979,19758,Product 12,1,96.46,0.19,78.1326
465,P8RDtbyewxAM,North America,Clothing,2023-03-18,RI207556,18880,Product 14,8,96.98,0.19,628.4304000000001
466,4B2IpnedpHPp,North America,Clothing,2023-06-10,LB921236,17735,Product 15,7,61.21,0.29,304.2137
467,4SzGLXmxBJkU,North America,Automobile,2023-05-09,SK007671,11903,Product 14,5,85.73,0.21,338.6335
468,A5OvkxE2Ox3D,North America,Electronics,2023-01-01,ZF038301,11236,Product 8,2,44.92,0.12,79.0592
469,HrMPQtkqC8Z4,Europe,Clothing,2023-09-26,JO367911,12964,Product 1,5,13.45,0.27,49.092499999999994
470,8NSp4H3Z318i,Middle East,Furniture,2023-04-22,MD701875,10446,Product 15,9,68.41,0.04,591.0623999999999
471,yvRMLWy81JlQ,Asia,Electronics,2023-10-03,CB661026,12010,Product 14,2,50.29,0.01,99.57419999999999
472,lmXJq1s53paR,North America,Clothing,2023-01-14,KL150194,16106,Product 8,8,58.5,0.07,435.23999999999995
473,8MYRy9sO5qsG,Asia,Furniture,2023-06-28,QV452347,18520,Product 2,9,46.06,0.25,310.90500000000003
474,SWu8ZbYkcAyW,Europe,Automobile,2023-04-08,IM459924,15374,Product 7,2,39.44,0.18,64.6816
475,KLG3mVQ6DolB,Europe,Furniture,2023-03-24,BD130098,16384,Product 5,10,14.41,0.24,109.516
476,yLOpdhBCrhOe,Middle East,Clothing,2023-05-25,AQ044358,11632,Product 9,6,95.37,0.21,452.0538
477,WjYUNa61Hj0o,Asia,Electronics,2023-08-05,RB500062,19668,Product 7,2,96.57,0.29,137.12939999999998
478,Tn5T6FDbkghA,Europe,Automobile,2023-09-07,DF477035,12473,Product 12,8,51.91,0.24,315.6128
479,JO6WkelXwUaz,North America,Automobile,2023-07-15,CC029321,15844,Product 11,6,32.47,0.07,181.18259999999998
480,borcW9v1PT94,Europe,Automobile,2023-08-01,UX381907,15276,Product 4,10,90.61,0.02,887.978
481,lXvZOP6wMf02,Middle East,Clothing,2023-07-01,AL506487,11906,Product 19,9,22.32,0.05,190.836
482,FEogGNhvgGAI,Europe,Automobile,2023-10-30,PM281432,11745,Product 14,8,57.48,0.17,381.6672
483,k5Xgc1x6Tt7N,Europe,Electronics,2023-06-24,RC486953,14028,Product 12,4,15.63,0.11,55.6428
484,je1ELQT3LGq4,Asia,Clothing,2023-09-07,ZL171287,15363,Product 20,5,90.95,0.15,386.5375
485,dWG2UbsptRlv,Europe,Automobile,2023-02-24,WH379537,15025,Product 10,2,74.72,0.18,122.5408
486,Xr5VLeUIiHRO,Asia,Furniture,2023-02-02,WR198006,16069,Product 3,10,62.79,0.14,539.994
487,P3zEc5JFJN9D,Middle East,Clothing,2023-04-12,UI777525,12707,Product 13,5,65.18,0.3,228.13000000000002
488,y0zGTnbSF6Bv,Asia,Automobile,2023-02-03,LZ610107,10075,Product 8,3,41.37,0.23,95.56469999999999
489,Pa8aRMdlwGip,Europe,Electronics,2023-06-01,PI550278,15503,Product 10,5,25.75,0.14,110.725
490,91OII5CktAl5,North America,Clothing,2023-02-26,MX896754,17206,Product 8,8,72.99,0.06,548.8847999999999
491,8k3E6CP8VmY1,Europe,Automobile,2023-05-02,JZ433613,14467,Product 11,5,15.58,0.23,59.983000000000004
492,Bd4uUx0FKCmG,North America,Electronics,2023-02-27,RL867113,15419,Product 12,6,60.23,0.17,299.94539999999995
493,amuSTvrdqWtB,North America,Clothing,2023-08-27,EB076535,17733,Product 1,10,87.93,0.06,826.542
494,ihgQgPwICL7J,Asia,Furniture,2023-08-17,VJ965923,17954,Product 8,7,88.17,0.3,432.03299999999996
495,ukTJjsoHKB3M,North America,Automobile,2023-10-09,YU939286,19648,Product 4,10,20.21,0.09,183.911
496,kkg965d4ThX3,Europe,Clothing,2023-04-15,YE648236,18177,Product 14,5,19.47,0.3,68.14499999999998
497,DFgwiqWAyZeO,Middle East,Electronics,2023-04-02,SV200867,16928,Product 13,6,50.08,0.0,300.48
498,oeWEL0zOHo9H,North America,Electronics,2023-10-02,YH503772,10433,Product 18,3,84.48,0.08,233.1648
499,nQDuYuaBaU3O,Asia,Clothing,2023-09-10,CL406327,10480,Product 11,4,65.06,0.16,218.6016
500,OUwy4ZzTDAxk,Europe,Clothing,2023-01-28,GM628734,13783,Product 15,6,34.69,0.19,168.5934
501,yb2Wn303UTal,Europe,Furniture,2023-10-01,PR792338,16179,Product 16,8,79.19,0.22,494.1456
502,RWXUw12F6ytx,Asia,Furniture,2023-02-14,WO846894,14685,Product 10,10,66.44,0.1,597.96
503,4MdW5t4baatB,Europe,Electronics,2023-08-14,OK571638,18266,Product 4,10,38.32,0.01,379.368
504,gLecF3oziwtu,Middle East,Furniture,2023-10-15,SK313078,14044,Product 13,6,32.53,0.11,173.71020000000001
505,RRgkOOgXXSO2,North America,Electronics,2023-07-07,ND992263,11529,Product 10,8,95.36,0.26,564.5312
506,pG5AKXf8FH3a,Asia,Automobile,2023-01-21,RJ495370,16618,Product 7,5,28.23,0.29,100.2165
507,KkBfo6Hdxg5w,Middle East,Electronics,2023-03-16,KH775467,12885,Product 18,10,56.27,0.28,405.144
508,2STrtw2lLUtG,North America,Automobile,2023-04-15,AZ259056,17994,Product 6,4,99.58,0.15,338.572
509,U8SeYRBDByC0,Europe,Electronics,2023-01-02,RI028486,15188,Product 20,2,85.95,0.29,122.04899999999999
510,Pnpfv4NTuJJN,Europe,Furniture,2023-04-14,QT564798,16373,Product 19,9,78.4,0.18,578.5920000000001
511,nsxxGV9klKhk,Middle East,Clothing,2023-07-28,WM109993,18793,Product 15,5,24.12,0.09,109.74600000000001
512,6dElSzCMDaWp,Middle East,Electronics,2023-09-14,XV779634,16271,Product 7,2,20.75,0.3,29.049999999999997
513,eyxQsQI7pifr,North America,Clothing,2023-05-20,FT560939,12868,Product 16,9,72.89,0.16,551.0483999999999
514,BKqbx1vSBht6,North America,Clothing,2023-08-19,HA466004,11990,Product 3,9,69.25,0.09,567.1575
515,gRuu4OctHj8H,Middle East,Clothing,2023-10-05,UB247771,19191,Product 2,7,48.55,0.06,319.45899999999995
516,3BjS22FQErUJ,Middle East,Clothing,2023-03-29,OX211598,19288,Product 9,10,30.36,0.23,233.772
517,x7ggThlQ6kkc,Europe,Electronics,2023-09-05,QE258507,19372,Product 20,6,68.8,0.27,301.344
518,AuAFKy4dpv81,Europe,Automobile,2023-03-27,ZH002027,11568,Product 3,5,82.5,0.11,367.125
519,juzpSF91ecTS,Middle East,Clothing,2023-01-07,GN963112,15473,Product 16,5,92.79,0.28,334.04400000000004
520,Sxqedjv0wXGI,North America,Furniture,2023-02-20,MC769446,12702,Product 14,8,85.34,0.08,628.1024000000001
521,nIjsmdeKww2a,Middle East,Automobile,2023-10-28,WR490657,18659,Product 6,2,77.36,0.01,153.1728
522,5PyLpLNzSdLC,Europe,Clothing,2023-01-31,WW626790,19168,Product 1,9,86.76,0.22,609.0552000000001
523,3UXeklJxrHp4,Middle East,Automobile,2023-03-07,BE579222,12901,Product 5,9,43.38,0.27,285.0066
524,DGXBUeKadVPa,North America,Automobile,2023-09-01,RD985349,16963,Product 16,10,34.74,0.16,291.816
525,NeQMnPnk27KA,North America,Furniture,2023-06-01,OX506430,12767,Product 15,9,38.36,0.12,303.8112
526,Ja9UOaE6m3pb,Asia,Clothing,2023-02-25,HY549732,12583,Product 9,10,29.11,0.28,209.59199999999998
527,8Wr78pqcczz5,Middle East,Electronics,2023-07-18,RQ639038,13785,Product 8,1,24.47,0.26,18.107799999999997
528,EaQTnka4oHv6,Europe,Electronics,2023-07-17,OY180460,18178,Product 15,1,89.09,0.07,82.8537
529,GJFh1QEFer8Q,North America,Automobile,2023-04-09,MY737934,17387,Product 13,8,10.34,0.06,77.7568
530,fHzm2iA7g9MY,North America,Clothing,2023-03-07,NU996046,11973,Product 4,4,81.75,0.16,274.68
531,CHGSS3hVseuR,Asia,Automobile,2023-08-25,NC957306,11945,Product 12,5,66.91,0.11,297.7495
532,bkxtiBJXDHaY,Europe,Furniture,2023-04-13,UY306887,15715,Product 6,3,71.56,0.19,173.8908
533,dsMCidl0CFm2,Asia,Automobile,2023-10-26,WM006707,18320,Product 9,8,46.64,0.27,272.3776
534,rc2suoVY13BR,North America,Electronics,2023-07-05,JH925433,15622,Product 11,4,90.14,0.23,277.63120000000004
535,Qq0D7YN986zk,Middle East,Electronics,2023-03-13,GH312260,14246,Product 19,2,18.44,0.2,29.504000000000005
536,AUpc6OzHVMzy,Europe,Automobile,2023-05-21,MQ929434,12654,Product 4,6,26.94,0.25,121.23000000000002
537,H5rsCr1ddEoF,Europe,Clothing,2023-01-28,OX237843,15421,Product 2,5,78.29,0.2,313.16
538,n7TcJaXV6NzA,Europe,Electronics,2023-01-11,AE707574,17201,Product 7,2,87.23,0.07,162.24779999999998
539,TwsalSOdoFke,Europe,Clothing,2023-09-16,MA514420,10137,Product 13,2,98.8,0.28,142.272
540,h2c9hUdkKvec,Asia,Clothing,2023-10-05,WC742150,14636,Product 13,1,62.13,0.07,57.780899999999995
541,QQvzJ5hutwaH,North America,Furniture,2023-03-02,NI797646,10285,Product 16,1,22.68,0.25,17.009999999999998
542,QpXy4gvPwg1o,Europe,Furniture,2023-02-23,ZG806272,12659,Product 7,3,42.55,0.15,108.5025
543,7nxas0oSb6cK,Middle East,Furniture,2023-08-26,FO532256,11659,Product 14,2,73.02,0.12,128.5152
544,Us9p1yVQi4Un,Middle East,Electronics,2023-09-06,QC399847,17157,Product 1,2,10.86,0.02,21.2856
545,Ml0vOYPPpKcB,Middle East,Automobile,2023-06-14,WL984410,14213,Product 17,7,39.06,0.18,224.20440000000002
546,hyY5gdbEYGgN,Europe,Clothing,2023-04-19,PM816558,18339,Product 6,5,19.44,0.12,85.53600000000002
547,GltxWRIWXi98,North America,Clothing,2023-02-20,LF372169,11789,Product 17,3,43.46,0.23,100.39259999999999
548,R7kBmXJ5BLXz,Middle East,Furniture,2023-08-14,RL713647,19059,Product 11,2,53.05,0.08,97.612
549,2o2nkkzTYgG2,North America,Furniture,2023-09-17,NT277389,10226,Product 14,9,94.04,0.11,753.2604000000001
550,O7REOtdvMKWr,Europe,Furniture,2023-03-29,CV074436,11960,Product 18,10,42.39,0.03,411.183
551,u2kkuuEtg30V,Asia,Automobile,2023-07-20,IT794006,15913,Product 8,10,31.9,0.23,245.63
552,dMTUh1akHMun,Asia,Automobile,2023-01-17,QI505772,19707,Product 16,10,46.91,0.07,436.2629999999999
553,18FrFcceaRIb,Middle East,Furniture,2023-08-20,HL763838,10872,Product 16,5,69.92,0.27,255.20800000000003
554,ASXdqTgwFQOF,North America,Automobile,2023-07-22,YS159262,19898,Product 5,3,24.58,0.26,54.5676
555,LX889e7m8nYn,Middle East,Furniture,2023-08-14,PF771803,12758,Product 6,4,42.98,0.26,127.22079999999998
556,DIVIP7hH5MWz,Asia,Automobile,2023-07-15,HT818380,17013,Product 2,10,52.73,0.21,416.567
557,ubbocfCggTP4,Asia,Automobile,2023-01-26,MV408018,14147,Product 4,7,60.22,0.28,303.50879999999995
558,YpFSrWD4mkcY,Middle East,Furniture,2023-08-06,IZ225569,10725,Product 12,8,97.89,0.28,563.8464
559,skWoXzqfeQ5u,Middle East,Electronics,2023-08-27,VM114494,12760,Product 20,1,18.69,0.07,17.3817
560,GewzxXz3nd8e,Asia,Furniture,2023-10-11,OL627739,12038,Product 12,10,42.43,0.01,420.05699999999996
561,NB8VNwXAPob9,Asia,Automobile,2023-04-22,DE680007,14422,Product 4,7,46.08,0.0,322.56
562,CDDLW2ixMn3w,Asia,Electronics,2023-04-28,VX906538,18145,Product 13,8,76.04,0.23,468.4064000000001
563,XVFXp3RCplGi,Europe,Furniture,2023-08-09,TH386624,11590,Product 19,7,94.58,0.02,648.8188
564,Z35j2fWXKjvZ,North America,Furniture,2023-01-07,JD154179,14983,Product 5,10,58.45,0.27,426.685
565,7vA1THgKn6Ci,Middle East,Furniture,2023-04-11,TB209622,12555,Product 14,7,45.59,0.07,296.79089999999997
566,ecDdMVtrOA6V,Asia,Furniture,2023-08-03,GW423963,10681,Product 15,9,21.54,0.03,188.0442
567,vFrEYZxRCfV2,North America,Clothing,2023-03-14,HO392757,14105,Product 19,5,96.93,0.01,479.8035
568,Ukoj8Z5sj7Mh,Asia,Electronics,2023-02-02,SZ747736,18535,Product 16,7,77.35,0.06,508.9629999999999
569,XWuAEhlJoHKA,Asia,Clothing,2023-10-09,GT387087,10142,Product 9,1,93.25,0.22,72.735
570,BK6pTpHsowto,Middle East,Electronics,2023-07-27,NA504009,18393,Product 15,8,78.84,0.27,460.42560000000003
571,o0vRh2cf8gnL,Europe,Furniture,2023-07-12,GA692783,10858,Product 14,10,86.86,0.1,781.74
572,ig2PZvfjFXnD,Asia,Clothing,2023-04-02,CR356257,18719,Product 4,1,54.64,0.29,38.794399999999996
573,oMqR02lziFU2,Middle East,Electronics,2023-07-15,KJ216643,18824,Product 5,3,93.47,0.21,221.52390000000003
574,vnyBuhHX2oPu,Middle East,Automobile,2023-04-14,PQ649512,10484,Product 13,1,70.09,0.19,56.77290000000001
575,L6XCEjM02jjY,Asia,Clothing,2023-10-10,GE543010,17214,Product 1,2,72.98,0.29,103.6316
576,xdH37btzLAU3,North America,Electronics,2023-01-25,DF578424,14058,Product 12,5,80.34,0.1,361.5300000000001
577,7Svb68hZgMJT,Asia,Automobile,2023-05-07,GJ415970,11678,Product 12,4,33.51,0.24,101.87039999999999
578,nbj6zDp8suXa,Middle East,Clothing,2023-06-02,QH212539,11920,Product 5,4,83.54,0.1,300.744
579,Rkx3WvtAMmk2,Asia,Clothing,2023-06-20,IH012311,17101,Product 13,3,52.15,0.19,126.7245
580,OaxCtJ64sviO,Middle East,Automobile,2023-04-17,AN446106,15962,Product 17,1,17.1,0.1,15.390000000000002
581,kquPH0iIBGxL,Asia,Clothing,2023-06-11,GD619123,18898,Product 9,8,74.2,0.25,445.20000000000005
582,gpj0EtUzujfL,North America,Electronics,2023-06-03,WR642265,13303,Product 1,2,15.57,0.19,25.2234
583,osiyZwS0VZN3,Europe,Automobile,2023-06-02,CC381299,10963,Product 19,4,40.8,0.28,117.50399999999999
584,xjSb2ELi25bd,North America,Automobile,2023-06-01,FV947516,17765,Product 19,2,79.34,0.09,144.39880000000002
585,QtoSFc0IkhUp,Asia,Electronics,2023-06-14,QH832454,11107,Product 8,3,20.97,0.25,47.1825
586,8oTv1LH2Tf7f,Middle East,Clothing,2023-01-16,XT860086,19195,Product 16,8,10.78,0.28,62.0928
587,cl68zVTm8GqI,Middle East,Automobile,2023-05-13,DX821626,11425,Product 14,9,49.98,0.27,328.3686
588,6xQ7C3TQlvnz,North America,Furniture,2023-02-06,ZL443238,13360,Product 16,2,47.88,0.11,85.22640000000001
589,gPEr5Gx0frji,Middle East,Clothing,2023-10-27,DF989664,11487,Product 6,4,52.36,0.23,161.2688
590,g6oJZLH4PvjV,Middle East,Electronics,2023-07-16,CM835989,16975,Product 7,3,31.42,0.02,92.37480000000001
591,n9jdFkK0TCeR,Europe,Electronics,2023-02-05,LT723642,17653,Product 18,5,46.34,0.19,187.67700000000002
592,Mm2eis0Mud6O,Middle East,Automobile,2023-02-27,QP621380,10033,Product 13,1,81.8,0.14,70.348
593,iBvSwgzXBLPC,Asia,Electronics,2023-01-26,RY052031,16015,Product 14,9,61.91,0.17,462.4676999999999
594,JIjHktAuTYkQ,Middle East,Electronics,2023-06-05,KX857665,15339,Product 2,6,27.39,0.02,161.0532
595,Zraur1KG3opy,North America,Furniture,2023-09-30,WS200729,15526,Product 20,7,16.29,0.01,112.88969999999999
596,ZJkGp2N4ILvo,Middle East,Clothing,2023-07-22,EJ870744,10292,Product 11,2,34.2,0.12,60.19200000000001
597,lwEO0PHYZc4l,North America,Clothing,2023-07-06,BD802279,10472,Product 17,4,95.5,0.21,301.78000000000003
598,QbhVcDiOnR6F,North America,Automobile,2023-02-11,PE017421,10459,Product 6,4,35.51,0.13,123.5748
599,21m5EAUd3UGh,North America,Electronics,2023-07-01,LY819064,10674,Product 18,6,16.01,0.18,78.76920000000001
600,6gT73NlYUxms,Asia,Clothing,2023-04-22,TX664522,18094,Product 10,10,53.39,0.2,427.12
601,wtvG3DW6YqDk,Asia,Clothing,2023-02-24,VX158837,16141,Product 3,2,17.76,0.23,27.350400000000004
602,TAMGN9F2L72r,Asia,Furniture,2023-07-21,ZH517918,17306,Product 20,6,80.11,0.19,389.3346
603,VxWeZ8o11tQm,Europe,Furniture,2023-02-13,US280422,17757,Product 18,7,98.57,0.18,565.7918
604,SpNI03IyyFH0,North America,Automobile,2023-07-22,GR706773,14262,Product 5,9,62.38,0.3,392.99399999999997
605,e2HRIBSFQ8Rq,North America,Clothing,2023-04-02,AC987986,19155,Product 14,2,53.5,0.26,79.17999999999999
606,LP2bW1RK2OtD,North America,Electronics,2023-04-29,IX461923,11826,Product 15,6,91.36,0.18,449.4912
607,9COZkXCyPOU5,Asia,Clothing,2023-02-13,PK382394,18519,Product 13,9,94.55,0.04,816.912
608,mKWNjlT8dtT5,North America,Automobile,2023-09-30,WH275426,10527,Product 1,10,53.64,0.01,531.0360000000001
609,kPiY8q5TtfD5,North America,Furniture,2023-07-07,MF855557,17286,Product 11,2,64.5,0.07,119.97
610,BGk3dpDA61wr,Middle East,Automobile,2023-01-02,VX392336,10509,Product 16,8,74.63,0.19,483.6024
611,8uuhVH3q9ZsW,Asia,Furniture,2023-05-23,SV524143,13268,Product 17,2,64.72,0.1,116.496
612,oAzXo8cIc5AX,North America,Automobile,2023-07-13,NB207956,18843,Product 3,10,91.95,0.27,671.2350000000001
613,L3QOGx9pvmVw,North America,Electronics,2023-10-29,CE690025,17261,Product 4,1,79.8,0.08,73.416
614,yhGJwsJywp5Z,Asia,Furniture,2023-09-11,KN816158,10306,Product 12,3,48.67,0.05,138.7095
615,n4Ls8IiBzbmI,Asia,Automobile,2023-01-19,XD184220,18847,Product 19,2,95.54,0.15,162.418
616,YYi2YI4sx7y0,Europe,Automobile,2023-08-30,PM893441,15289,Product 3,10,38.57,0.12,339.416
617,TBRtq2t3nnXb,Asia,Automobile,2023-02-16,OV152170,10830,Product 6,6,19.38,0.15,98.838
618,nu0lYCEKVewY,Asia,Clothing,2023-07-10,BH870216,18557,Product 20,4,71.72,0.22,223.7664
619,bMmvnGJyDDn6,Asia,Automobile,2023-06-29,TA301166,16618,Product 7,9,63.9,0.1,517.59
620,94irw6xsC5cv,Middle East,Clothing,2023-09-12,SG685235,15827,Product 13,9,66.11,0.01,589.0400999999999
621,Gnf44D4FjuK4,Middle East,Furniture,2023-02-28,MM181098,16864,Product 6,7,58.46,0.11,364.2058
622,UrrBMuGqGEI3,Asia,Clothing,2023-01-16,QC197052,17547,Product 5,9,14.26,0.07,119.35619999999999
623,BIZyH1XZvn3i,Europe,Automobile,2023-10-30,FW096802,13676,Product 12,2,98.37,0.19,159.35940000000002
624,8MYWBs4z0fHe,North America,Electronics,2023-02-23,UU439804,19215,Product 12,4,39.3,0.19,127.332
625,rOF1s6JWO26D,North America,Clothing,2023-05-07,WY820310,11392,Product 2,7,32.59,0.19,184.78530000000003
626,VcAkZhAqwa9r,North America,Furniture,2023-09-01,HL503473,18235,Product 8,2,32.84,0.29,46.6328
627,lVQc8fKeKga1,North America,Electronics,2023-08-02,MI303038,13226,Product 19,1,32.8,0.03,31.815999999999995
628,buyiwWEkpNG8,Asia,Electronics,2023-01-15,JP516002,15676,Product 7,9,95.17,0.15,728.0504999999999
629,SpAMan95Rwhw,Middle East,Electronics,2023-01-04,YI483420,10712,Product 4,7,92.69,0.25,486.6225
630,2PmQDO9zdWXY,Asia,Clothing,2023-04-21,ES893548,11928,Product 11,5,31.9,0.29,113.24499999999999
631,cE52mFSWjPYI,Europe,Furniture,2023-08-11,YD768569,17293,Product 3,3,73.18,0.17,182.21820000000002
632,o6hURkW3p38G,Europe,Electronics,2023-07-24,EK340596,10080,Product 14,8,46.08,0.21,291.2256
633,PK68rXpHtgHH,Middle East,Furniture,2023-01-30,GI976494,17406,Product 15,3,46.6,0.16,117.43199999999999
634,SsB2RdPAEa1R,Asia,Electronics,2023-07-23,KP504193,11034,Product 3,10,74.62,0.28,537.264
635,zDrDGM2CpAAi,Middle East,Electronics,2023-06-02,TA539675,16431,Product 2,2,72.95,0.25,109.42500000000001
636,PBFsQepLc3Gr,North America,Furniture,2023-04-20,DI469165,14581,Product 18,9,91.04,0.15,696.456
637,Ps6akZC01dDd,North America,Automobile,2023-05-22,HC048541,19854,Product 3,9,71.18,0.18,525.3084000000001
638,E8UwiVt7M9ag,Europe,Automobile,2023-02-24,LW341683,12142,Product 15,4,31.96,0.27,93.3232
639,Rc9wRH6DvMk3,Middle East,Furniture,2023-01-21,KL272055,15026,Product 4,9,51.15,0.04,441.936
640,gktX9HgyDE85,North America,Electronics,2023-01-12,BL143926,13892,Product 10,8,78.6,0.18,515.616
641,gprNFPAb9Ufo,Europe,Electronics,2023-09-05,SX574719,18705,Product 8,8,16.15,0.0,129.2
642,NnK1oM7srecF,Asia,Automobile,2023-04-06,PQ906561,18145,Product 9,8,46.32,0.11,329.7984
643,kTf0volOMG48,Europe,Clothing,2023-07-05,AH909342,15226,Product 20,8,88.32,0.21,558.1824
644,o3Tz1iFWpz4L,North America,Furniture,2023-03-23,RE808062,18010,Product 4,3,10.39,0.09,28.3647
645,TJLWZn7mfIbQ,Europe,Automobile,2023-04-11,HG594411,16891,Product 12,4,77.97,0.14,268.2168
646,TysGbsJV4XDu,Asia,Furniture,2023-06-16,DG637391,10671,Product 12,2,72.66,0.27,106.08359999999999
647,6nivwHsCt3XW,North America,Furniture,2023-03-27,AF002753,15036,Product 15,6,29.47,0.23,136.1514
648,BxhoJcfvIoMz,North America,Clothing,2023-02-12,YT969790,12500,Product 16,10,89.85,0.3,628.9499999999999
649,YtykRGwXXnxo,Middle East,Automobile,2023-06-17,GY678168,18841,Product 11,6,11.04,0.21,52.3296
650,940pZLZ4gEH3,Middle East,Clothing,2023-01-23,FN200401,13647,Product 14,3,56.27,0.18,138.4242
651,DsFAXsQvWgPC,Asia,Electronics,2023-09-14,DZ648893,17729,Product 2,2,94.57,0.11,168.3346
652,cycrUK0gRqmC,Asia,Electronics,2023-10-03,CO675339,12520,Product 13,10,56.11,0.15,476.935
653,IeHQYgukYIk5,Europe,Automobile,2023-09-27,RR316717,10713,Product 15,8,61.67,0.24,374.9536
654,QigDnQ4kapJD,Middle East,Furniture,2023-08-25,AC974296,13216,Product 14,7,31.9,0.16,187.572
655,2hYelNavpKvC,North America,Clothing,2023-08-01,UZ394693,17982,Product 3,3,36.94,0.26,82.0068
656,pWbvG5H1W7kL,North America,Clothing,2023-03-16,IA902989,11575,Product 8,5,55.84,0.0,279.20000000000005
657,JOWVf8YMSNXr,Europe,Furniture,2023-05-08,MC412641,19754,Product 1,1,12.98,0.05,12.331
658,DCaL3H7hWGVp,Europe,Clothing,2023-06-20,TO756603,16790,Product 13,3,35.17,0.29,74.91210000000001
659,AgG6iF7e2E2t,North America,Electronics,2023-01-15,EU055755,10076,Product 3,3,43.61,0.11,116.4387
660,Ue9VXpemM0RU,Asia,Automobile,2023-04-30,QP146346,14970,Product 9,4,72.8,0.29,206.75199999999998
661,VywMfRlcNISj,Europe,Electronics,2023-08-12,JR534730,19355,Product 8,7,98.29,0.16,577.9452000000001
662,sHhH6XBQAsxA,North America,Clothing,2023-02-16,HU430870,19712,Product 9,8,96.44,0.02,756.0896
663,NtqRs922gupa,Europe,Clothing,2023-06-17,TE809409,15715,Product 17,10,43.2,0.21,341.2800000000001
664,EibHXxv1q6XG,Asia,Automobile,2023-04-09,AB731612,17343,Product 12,9,85.96,0.03,750.4308
665,u49YZFH223oc,Middle East,Clothing,2023-06-04,CH477164,11295,Product 11,7,29.4,0.29,146.118
666,rJKxBXIAyTVv,Europe,Electronics,2023-05-30,DE487051,11293,Product 17,7,51.97,0.06,341.96259999999995
667,0jsbhNesDwyT,Europe,Clothing,2023-07-08,IN263346,10431,Product 8,5,52.6,0.02,257.74
668,oK9qrx07DEgQ,Middle East,Electronics,2023-05-16,LZ819962,16720,Product 18,4,54.0,0.09,196.56
669,mYyNCWkLDgtB,Asia,Automobile,2023-10-10,ZV434965,16789,Product 5,5,63.33,0.12,278.652
670,5HPVjL0Skg2N,Middle East,Furniture,2023-05-11,YU974014,17746,Product 19,5,97.12,0.02,475.888
671,ZbJA6lrRPcuu,Asia,Clothing,2023-03-21,FL255983,16784,Product 13,3,63.67,0.23,147.0777
672,kX235vSCDV6W,Middle East,Automobile,2023-09-17,WG054742,10327,Product 12,1,19.51,0.1,17.559
673,7SdvS2tiW5l2,North America,Electronics,2023-03-12,GD934387,19771,Product 1,6,73.99,0.01,439.50059999999996
674,gHlvfW4R3ZHh,Asia,Clothing,2023-06-15,TF775829,13390,Product 16,1,14.86,0.25,11.145
675,WCKM1lpCqxG8,Asia,Furniture,2023-04-20,MD670158,10095,Product 9,7,68.67,0.23,370.1313
676,dcJTTqi14hx6,Asia,Furniture,2023-07-17,FB580672,10790,Product 17,7,48.94,0.02,335.72839999999997
677,6pPkx75yaXkz,Middle East,Automobile,2023-01-16,WO527763,17527,Product 14,6,83.71,0.27,366.64979999999997
678,HYNx9ToYZOmz,Asia,Electronics,2023-10-06,FO935241,19871,Product 10,6,76.04,0.18,374.11680000000007
679,30jFKfgnPN6Y,Middle East,Clothing,2023-03-10,ON974123,12414,Product 9,8,48.55,0.17,322.37199999999996
680,vywuHs9559YO,Middle East,Automobile,2023-06-24,BS199547,16843,Product 9,1,15.81,0.08,14.545200000000001
681,GXrRO2LLTIoh,North America,Automobile,2023-04-28,VJ874202,17883,Product 17,3,50.87,0.12,134.2968
682,cRiAtm2KGUzH,North America,Clothing,2023-07-20,QT191197,12071,Product 4,10,14.53,0.05,138.03499999999997
683,vLc5L62qIhOq,Europe,Automobile,2023-06-02,WK876029,18611,Product 7,3,84.05,0.3,176.505
684,uBchjY2njg62,Europe,Electronics,2023-10-20,WY854584,17528,Product 8,5,91.75,0.23,353.23750000000007
685,QvStVgN1866t,Asia,Automobile,2023-01-21,XE426694,11868,Product 16,10,77.84,0.07,723.912
686,tkMtWH1tCP3e,Europe,Electronics,2023-08-14,BF770181,13583,Product 15,7,31.86,0.23,171.7254
687,0WtRvdoWIxNc,Middle East,Automobile,2023-03-15,SF160061,14642,Product 12,10,77.84,0.18,638.2880000000001
688,w0mgjg3Laf5i,North America,Automobile,2023-06-17,WP979567,17321,Product 15,7,29.84,0.05,198.43599999999998
689,WEb1XtOaJK54,Asia,Furniture,2023-08-25,FE653289,18831,Product 17,1,77.91,0.11,69.3399
690,L9ebEGINr7is,Middle East,Clothing,2023-02-09,WG759616,15330,Product 7,10,16.47,0.0,164.7
691,DTcK9PRYRUKs,Asia,Clothing,2023-05-31,MY355756,11119,Product 16,4,39.26,0.18,128.7728
692,W3VG2lGZTN2K,North America,Furniture,2023-08-25,AW667482,15546,Product 9,8,19.66,0.14,135.2608
693,VTfPrtQ3nER1,Europe,Automobile,2023-04-26,TE595991,14887,Product 10,7,58.79,0.22,320.9934
694,lRR9OEbH2V4q,Asia,Furniture,2023-07-10,AY071216,15620,Product 19,9,80.09,0.11,641.5209
695,9S6gOmVApM49,North America,Clothing,2023-10-27,TP471967,11254,Product 1,7,23.73,0.28,119.5992
696,SQCPb9vJyEhu,Europe,Electronics,2023-06-30,DE781477,12345,Product 19,5,80.6,0.08,370.76
697,d526AXwPOrEl,Middle East,Furniture,2023-01-14,FK393512,15504,Product 1,8,64.04,0.0,512.32
698,zeODg3pjPTKs,Asia,Automobile,2023-04-10,KK610969,13374,Product 12,1,99.75,0.21,78.80250000000001
699,sKCarx1BfWma,Asia,Electronics,2023-03-15,UX764727,16488,Product 9,1,45.74,0.09,41.623400000000004
700,4MZtu9KfMiyi,Middle East,Furniture,2023-04-02,AJ807676,12166,Product 7,5,31.49,0.14,135.40699999999998
701,BHVv8Cyvrfu1,North America,Automobile,2023-10-22,YJ777193,14551,Product 1,10,23.68,0.1,213.12
702,jzYKvEwxGJEh,Europe,Electronics,2023-02-19,KJ707991,12791,Product 15,6,34.57,0.08,190.8264
703,cGFOJ5HexeYf,Middle East,Furniture,2023-09-27,TD468372,12422,Product 2,5,11.27,0.08,51.842
704,F2ooO65fOtE3,Asia,Furniture,2023-09-09,TS881046,11144,Product 13,4,69.5,0.1,250.20000000000002
705,1ECzoMdSpZRV,North America,Automobile,2023-06-21,CN492292,16967,Product 13,2,47.04,0.27,68.6784
706,UR8kjqKXcrvn,North America,Electronics,2023-10-12,XJ406942,12014,Product 7,5,20.99,0.11,93.40549999999999
707,qQuBytLXzOKP,Middle East,Automobile,2023-06-04,KJ253946,12054,Product 14,3,63.16,0.02,185.6904
708,ZwyDvF8c9i0N,Asia,Electronics,2023-02-19,OI576022,16929,Product 18,4,24.15,0.02,94.66799999999999
709,JsNLByoVbKnm,Europe,Automobile,2023-04-19,TV059369,10726,Product 4,1,88.14,0.12,77.5632
710,kadjoNOGfXni,North America,Electronics,2023-04-20,DT209494,17878,Product 5,2,54.34,0.22,84.77040000000001
711,yAQSFCwKCI9o,Middle East,Automobile,2023-09-29,PL574405,16393,Product 2,10,36.85,0.28,265.32
712,hdhKLIGpoGl7,North America,Electronics,2023-03-28,VP630376,17964,Product 10,9,16.54,0.03,144.39419999999998
713,BCgvzeDSwbid,Europe,Furniture,2023-03-16,OS677498,12078,Product 17,9,63.73,0.27,418.7061
714,AtunnOpVPkS5,Europe,Automobile,2023-08-08,XF000584,13253,Product 9,6,85.13,0.05,485.241
715,MAkBlCDQDmXu,Middle East,Automobile,2023-02-27,JF773825,18003,Product 1,10,56.67,0.24,430.692
716,6qDisjltDQJK,Middle East,Clothing,2023-07-07,TO986229,13164,Product 9,3,55.44,0.16,139.7088
717,a1P5J74PhZwT,Europe,Electronics,2023-09-02,XC247211,11477,Product 14,4,24.04,0.15,81.73599999999999
718,omw1Mu9PArMP,Asia,Electronics,2023-08-23,BI443149,19469,Product 10,2,97.83,0.19,158.4846
719,JGZyf4fGXFQ9,Asia,Clothing,2023-10-25,CS919491,13655,Product 20,2,82.05,0.11,146.049
720,IzLI1GyOccYM,Asia,Clothing,2023-06-25,AC839821,12038,Product 15,2,50.16,0.05,95.30399999999999
721,7PQ5Y1LavjSo,North America,Clothing,2023-04-22,EX054983,10071,Product 2,6,50.21,0.09,274.14660000000003
722,1MeWKsB5MijT,Europe,Electronics,2023-07-17,QE320467,15402,Product 7,9,16.8,0.04,145.152
723,e7Yr2fZVFJ6P,North America,Automobile,2023-05-05,NL262644,11648,Product 6,6,24.42,0.06,137.72879999999998
724,Xi6zROwBSWFs,Middle East,Furniture,2023-10-03,EW804195,18657,Product 6,4,10.09,0.18,33.095200000000006
725,4ZFaytXqLhep,Asia,Furniture,2023-03-31,QK249796,12527,Product 10,9,42.57,0.28,275.8536
726,Pk8JmHkO0ffA,Middle East,Furniture,2023-08-13,QB304352,16348,Product 18,2,49.34,0.09,89.79880000000001
727,VEZZdiDPWVk4,North America,Furniture,2023-01-27,YD833992,15284,Product 2,6,77.96,0.08,430.33919999999995
728,LvsfwvL8lXdT,North America,Furniture,2023-10-23,BK031067,11655,Product 10,1,59.24,0.19,47.98440000000001
729,z3cFnjT1Ryce,Europe,Electronics,2023-02-21,XP723800,16553,Product 12,1,50.31,0.23,38.7387
730,CHjfPzg8wGBA,Europe,Clothing,2023-10-09,RX577753,17474,Product 7,8,13.41,0.05,101.916
731,QeeTpQvooJ58,Europe,Electronics,2023-02-19,ZV802868,15386,Product 11,4,20.74,0.19,67.1976
732,ikLWmwIWHX8C,Asia,Furniture,2023-07-02,MO182293,16181,Product 15,5,82.69,0.11,367.9705
733,Rtic7Luv3bS0,Asia,Clothing,2023-06-19,XJ754660,17747,Product 6,3,57.23,0.04,164.8224
734,mXACUUVzHuCe,Asia,Furniture,2023-06-23,YA950302,11374,Product 3,4,52.31,0.21,165.29960000000003
735,uydzCmDC4phT,Asia,Clothing,2023-04-25,KF851135,15711,Product 18,9,44.96,0.14,347.99039999999997
736,4SyoYgXy741D,North America,Automobile,2023-09-28,LY832943,13877,Product 13,1,52.54,0.08,48.336800000000004
737,qJqGkqE0qpQy,Asia,Automobile,2023-10-06,GD882117,18866,Product 14,6,70.91,0.15,361.64099999999996
738,k8SOIuyUaBmY,Middle East,Electronics,2023-04-18,KC920198,19343,Product 14,6,92.32,0.09,504.0672
739,9IEBPlMgt4Zc,North America,Automobile,2023-01-15,DS503691,16454,Product 1,2,27.07,0.14,46.5604
740,GFXuGkAWubbd,Asia,Clothing,2023-07-07,CR106375,14051,Product 18,3,52.42,0.11,139.96140000000003
741,p1SuQYPMsBOc,North America,Automobile,2023-08-01,SG301634,16589,Product 16,10,79.46,0.01,786.6539999999999
742,z5hBgyqmxYkO,North America,Clothing,2023-03-07,JB498309,15226,Product 6,5,84.56,0.19,342.468
743,sRu2CNBQL1XR,Middle East,Furniture,2023-03-20,OL519106,19810,Product 5,10,15.79,0.23,121.58299999999998
744,vyE5GCyM7CTl,North America,Clothing,2023-04-27,PA033383,13294,Product 10,8,13.5,0.17,89.64
745,7t56DUpsKLNy,Asia,Clothing,2023-06-28,XD944110,11681,Product 20,10,45.58,0.23,350.966
746,mezkVjrn0u0K,Middle East,Furniture,2023-07-25,KS793807,13597,Product 16,7,73.68,0.16,433.2384
747,vRqjHq9sxZUE,Europe,Electronics,2023-09-09,LX878442,16168,Product 9,2,70.36,0.16,118.20479999999999
748,K7vkg3lkGrpw,Asia,Clothing,2023-09-25,RL222370,15502,Product 17,8,86.73,0.23,534.2568
749,CCQIXrXLjIPn,North America,Electronics,2023-09-04,CM937411,13004,Product 14,10,80.77,0.04,775.3919999999999
750,L2bDV6jszTPu,Europe,Clothing,2023-08-07,NG251505,13125,Product 11,9,47.47,0.21,337.5117
751,t9Fd8iYulaIS,Europe,Clothing,2023-03-19,TP533372,18910,Product 9,1,88.47,0.23,68.1219
752,CsvueaPYEq78,Asia,Clothing,2023-03-09,XY602052,17526,Product 3,8,36.02,0.13,250.69920000000002
753,bMNi1uHT47d4,Middle East,Electronics,2023-04-07,RI344498,12509,Product 20,8,38.37,0.01,303.8904
754,FETzOVSsGpic,Asia,Furniture,2023-06-21,LW262222,11420,Product 19,4,96.13,0.25,288.39
755,m27m0XCBmo8g,Europe,Clothing,2023-04-29,DO252845,15394,Product 13,8,24.16,0.01,191.3472
756,B2xo3695einx,Europe,Automobile,2023-06-03,EB898417,14570,Product 14,10,62.86,0.01,622.314
757,zrcFCh5bzMpJ,Europe,Automobile,2023-08-19,LK701002,17645,Product 12,5,88.74,0.12,390.456
758,wnoD21L6qu4E,Asia,Electronics,2023-10-07,QF729796,18606,Product 20,1,11.93,0.01,11.810699999999999
759,NATORaPYgMSs,Asia,Clothing,2023-10-08,UE997270,13671,Product 17,3,95.58,0.26,212.18759999999997
760,YmkZ8xZjVvBk,Middle East,Electronics,2023-08-04,PW832977,11896,Product 14,9,73.2,0.21,520.452
761,E0o4WT5UGNZt,Asia,Clothing,2023-02-07,UN188258,18503,Product 12,4,65.3,0.26,193.28799999999998
762,bvrMgu81PB5Z,Europe,Electronics,2023-04-07,DT613212,14655,Product 8,2,92.64,0.14,159.3408
763,YaXLILuVECb7,North America,Furniture,2023-06-10,YS912739,10125,Product 14,10,45.44,0.14,390.78399999999993
764,2AVYKLJSe31j,Middle East,Clothing,2023-09-21,GT504046,13790,Product 18,10,25.55,0.04,245.27999999999997
765,p2trVlCAg0o2,Europe,Electronics,2023-04-01,GP937334,13017,Product 1,8,71.17,0.19,461.18160000000006
766,bDvK20YHvsfQ,Europe,Clothing,2023-01-15,SN948080,17614,Product 19,9,20.7,0.03,180.71099999999998
767,JwRSNwUpmKJa,Middle East,Clothing,2023-05-25,NS248936,12231,Product 16,2,87.01,0.22,135.7356
768,CpqDna3zi13w,Asia,Automobile,2023-05-26,FW546758,17969,Product 4,10,32.93,0.01,326.00699999999995
769,sKPpi5Vj8lUc,Europe,Furniture,2023-10-12,VK231884,13296,Product 6,8,76.34,0.23,470.25440000000003
770,JzIIRf6yeS1X,North America,Electronics,2023-10-09,OU723296,12538,Product 16,6,15.67,0.18,77.0964
771,6DeDEg6p8tNc,North America,Automobile,2023-04-29,FW974522,17657,Product 4,2,42.43,0.21,67.0394
772,yQu2HRycvY99,North America,Electronics,2023-08-19,LJ852694,11185,Product 8,4,92.36,0.01,365.74559999999997
773,iLwdjYRUvdxG,Middle East,Electronics,2023-01-30,LW136601,16810,Product 14,9,62.1,0.24,424.76400000000007
774,D6FdaLrDu0PR,Middle East,Furniture,2023-06-30,SD356027,18072,Product 8,2,34.71,0.29,49.288199999999996
775,gY3d96DgnGku,Europe,Clothing,2023-04-27,RY506643,19706,Product 11,4,48.33,0.03,187.5204
776,5H69gwuwjETm,Europe,Electronics,2023-04-14,NZ862503,15723,Product 20,2,87.03,0.25,130.54500000000002
777,Umy6EGL4AkMB,North America,Clothing,2023-09-27,KD847597,16278,Product 16,5,48.04,0.29,170.54199999999997
778,iDb3K5s5ccMn,North America,Clothing,2023-08-06,FE250032,16898,Product 5,2,53.52,0.0,107.04
779,xRuOUz8YzIOx,Europe,Furniture,2023-05-20,CP972313,17011,Product 3,5,63.25,0.18,259.325
780,IZmNaFHa61Fk,North America,Electronics,2023-07-15,YU780374,13518,Product 14,10,53.4,0.29,379.13999999999993
781,7GvmOZsrDrb4,North America,Electronics,2023-05-17,FI582178,19477,Product 3,6,92.19,0.24,420.3864
782,L3LQPpYQVr6q,Middle East,Furniture,2023-10-15,EJ795655,10958,Product 10,3,65.95,0.29,140.4735
783,Bnr7d0meoprb,Europe,Clothing,2023-02-19,DN318308,15181,Product 16,6,74.91,0.22,350.5788
784,DC6ZqOIncuA0,Europe,Clothing,2023-01-12,ZA287938,14158,Product 14,10,53.69,0.1,483.21
785,9eqehnJjSLax,Middle East,Electronics,2023-02-28,UN386036,12233,Product 6,10,90.74,0.19,734.9939999999999
786,sji4RDi2a8Nq,Asia,Furniture,2023-03-30,AQ875128,16429,Product 16,8,57.28,0.19,371.17440000000005
787,7mYbMvoX9p0Z,Asia,Furniture,2023-01-01,LO921035,18340,Product 13,6,19.57,0.29,83.3682
788,Pb9ALJ2fSjYz,Middle East,Automobile,2023-01-03,CO588369,17988,Product 9,3,11.76,0.19,28.576800000000002
789,gMG5EZquMmcZ,Asia,Automobile,2023-05-03,TL014191,17340,Product 14,2,26.64,0.06,50.0832
790,Xct4VbdraczX,North America,Furniture,2023-04-08,WS149736,12461,Product 17,3,29.73,0.14,76.70339999999999
791,XDBw6ljMiQ6L,Asia,Automobile,2023-05-21,SA386579,17821,Product 15,1,75.26,0.24,57.1976
792,pRliP9VL1h2S,Middle East,Clothing,2023-07-15,HN148396,11834,Product 11,2,17.38,0.29,24.679599999999997
793,jR70v2vTnDRz,Europe,Electronics,2023-09-29,UI475452,16494,Product 19,6,75.79,0.11,404.71860000000004
794,2DblCaNMe8zj,North America,Electronics,2023-02-23,FF026037,11036,Product 19,4,70.51,0.1,253.836
795,hyptRMtafmMr,Asia,Clothing,2023-02-28,HA608101,13198,Product 17,8,97.01,0.09,706.2328000000001
796,ZqddAl9vLZ9z,Europe,Electronics,2023-09-17,HV482714,18565,Product 19,5,29.62,0.3,103.66999999999999
797,kyLI3x9u61mN,Middle East,Automobile,2023-07-25,TR317934,16388,Product 2,2,53.52,0.29,75.9984
798,Olhv45j8Que0,Europe,Automobile,2023-08-29,IY962134,14902,Product 17,4,79.27,0.2,253.664
799,RNQEVYwbSmu9,North America,Electronics,2023-07-30,FB160280,15464,Product 16,3,97.24,0.27,212.95559999999998
800,LrYV0cT5tMrD,Asia,Electronics,2023-08-05,MP588765,10649,Product 1,10,35.29,0.1,317.61
801,fMeUBgHnzx1V,Middle East,Clothing,2023-07-23,MR297543,17070,Product 17,2,28.44,0.12,50.0544
802,VD28gwsOh7cH,Middle East,Clothing,2023-03-18,ZC650396,11402,Product 17,5,62.26,0.13,270.83099999999996
803,n7H4n30xptW7,Middle East,Furniture,2023-10-18,DL365835,19323,Product 18,5,83.11,0.21,328.28450000000004
804,UHouJMFUfFRo,Europe,Clothing,2023-04-02,GI712836,17974,Product 12,3,22.57,0.09,61.6161
805,5bMEib0t2OYd,Middle East,Electronics,2023-06-01,RL752747,17668,Product 11,8,51.32,0.17,340.7648
806,qDThOONQqyO9,Middle East,Clothing,2023-05-24,XQ182467,16623,Product 15,8,17.07,0.18,111.9792
807,8X4XqIBttWkH,Europe,Furniture,2023-05-14,EW097733,15290,Product 15,4,36.22,0.16,121.69919999999999
808,yr7zIYYfQ3iU,Middle East,Furniture,2023-10-22,XG997038,14081,Product 20,2,82.67,0.07,153.7662
809,NZ26r8eUsJNA,Europe,Clothing,2023-09-20,SQ899908,15975,Product 11,7,14.67,0.13,89.3403
810,KQCQcWF2Fk3j,Asia,Electronics,2023-10-16,RK765442,18681,Product 6,10,13.46,0.08,123.83200000000002
811,TlwHle9Qjaph,Middle East,Electronics,2023-02-14,KC132041,15080,Product 16,5,61.49,0.17,255.18349999999998
812,zcBUrV2mMZPQ,Europe,Electronics,2023-10-22,IE521153,12276,Product 1,6,69.0,0.01,409.86
813,ngJTHJrcB09H,Middle East,Electronics,2023-06-23,MX637381,10242,Product 13,10,17.55,0.18,143.91000000000003
814,VVeFWBGH9wlU,North America,Clothing,2023-03-12,NI241806,19379,Product 12,4,14.18,0.13,49.346399999999996
815,RnGHiipvabyw,Middle East,Automobile,2023-05-16,EW498918,19635,Product 16,1,37.49,0.04,35.9904
816,fdyUqTzPFTod,Middle East,Electronics,2023-04-23,BL977733,13311,Product 17,2,55.6,0.22,86.736
817,tQaYp3V18wgc,Asia,Furniture,2023-05-17,EB787202,10252,Product 5,5,57.12,0.08,262.752
818,PHaBA7IBlvyB,North America,Automobile,2023-06-26,CB358254,12809,Product 14,10,69.19,0.02,678.0619999999999
819,yAk5mSw66VEb,North America,Automobile,2023-10-25,IA390700,15497,Product 14,10,99.05,0.22,772.59
820,LzY7Kd23Qqve,Asia,Clothing,2023-04-26,DW720390,12042,Product 4,2,48.8,0.24,74.176
821,Gh14eUwRQYV1,Asia,Automobile,2023-03-25,AX838477,12549,Product 16,8,79.33,0.22,495.0192
822,iz99iKquPyq6,North America,Clothing,2023-05-17,FX779639,12993,Product 1,2,51.84,0.03,100.56960000000001
823,X2QXKWp8ICiA,Europe,Automobile,2023-09-11,KL897021,13785,Product 20,7,35.1,0.26,181.818
824,FTQenTXFOnag,North America,Furniture,2023-06-09,PV094305,17094,Product 18,5,42.98,0.29,152.57899999999998
825,xF4wKq7imIVG,Asia,Furniture,2023-01-15,KS111325,18150,Product 2,3,52.18,0.09,142.4514
826,SPppY2OYVuom,Middle East,Electronics,2023-06-30,FK114696,17388,Product 1,6,29.93,0.01,177.7842
827,iAokuajqDjDE,Middle East,Electronics,2023-03-19,KG486096,11754,Product 8,3,84.19,0.21,199.53029999999998
828,0RBa04AHVBRP,Middle East,Clothing,2023-03-26,WV899712,18712,Product 19,8,39.84,0.15,270.91200000000003
829,LY7zyR910PJc,North America,Clothing,2023-07-10,RA606990,16117,Product 15,2,79.19,0.23,121.9526
830,JnFX63FT7q5H,Asia,Furniture,2023-08-14,QE599050,17094,Product 8,1,76.83,0.09,69.9153
831,GT8Uvc5ZEUUh,Europe,Clothing,2023-06-20,EW247988,10941,Product 12,5,41.97,0.25,157.3875
832,2GmZwDzcuMPL,Asia,Electronics,2023-09-06,HC468626,14755,Product 12,5,14.08,0.09,64.06400000000001
833,OoxRzMhlf2gz,Europe,Electronics,2023-01-07,BM619400,19472,Product 14,3,68.0,0.03,197.88
834,LIWmFwW5ZHaR,North America,Furniture,2023-10-08,VR930870,18959,Product 12,10,66.61,0.16,559.524
835,ylXCf6qmq7x6,North America,Furniture,2023-02-03,FR853720,16580,Product 1,7,39.26,0.16,230.8488
836,Vy3if4Lv5N3X,North America,Electronics,2023-08-31,HC529628,19012,Product 20,1,52.13,0.11,46.395700000000005
837,NOTdGdOix90Z,Middle East,Electronics,2023-06-30,ZI357299,13260,Product 15,8,54.08,0.1,389.376
838,74R1JxXWak8v,North America,Clothing,2023-04-02,FR472219,14638,Product 9,2,81.44,0.13,141.7056
839,BNlTQhcwulcO,Europe,Furniture,2023-05-15,OL187141,19613,Product 8,3,86.7,0.04,249.696
840,K10cppdeCekh,Asia,Furniture,2023-09-01,HB940920,18822,Product 2,4,90.45,0.12,318.384
841,pkH8XT8aH64N,Asia,Clothing,2023-05-25,XP632410,11100,Product 12,1,52.0,0.02,50.96
842,Yz6ACLxtEDi1,Asia,Electronics,2023-01-04,SY339069,13826,Product 7,4,88.24,0.11,314.13439999999997
843,Yp8xHsJHaqsb,Asia,Clothing,2023-05-25,RM178218,19504,Product 20,10,71.74,0.19,581.094
844,WBGGmA2SmgX4,Middle East,Clothing,2023-01-01,VV976208,14134,Product 17,7,99.72,0.03,677.0988
845,wcfcsIfKLrTH,Asia,Automobile,2023-06-15,EV836406,13439,Product 17,4,48.52,0.03,188.2576
846,a0aTOiwvCQLT,Middle East,Furniture,2023-06-03,JX182599,16691,Product 15,1,89.57,0.05,85.0915
847,iJUCOyWBRE2o,Europe,Electronics,2023-10-06,IW967525,15179,Product 17,6,53.99,0.25,242.95499999999998
848,fP9mQObB0wYb,Asia,Clothing,2023-09-27,HT943071,18325,Product 2,4,68.66,0.24,208.72639999999998
849,JuRfn4gnWEEF,Middle East,Automobile,2023-09-26,UL736118,11780,Product 5,5,33.93,0.01,167.9535
850,w8i8ZNqhBsPZ,Europe,Electronics,2023-05-26,PM277981,17389,Product 5,1,78.11,0.17,64.8313
851,knv7v4MFpQOm,North America,Electronics,2023-01-15,ER955826,11385,Product 3,4,25.71,0.04,98.7264
852,Hb5r18vyCYI7,Middle East,Furniture,2023-08-11,WW197909,10273,Product 3,5,12.87,0.02,63.062999999999995
853,wYomUtl53PmB,Middle East,Electronics,2023-10-25,UC728807,16399,Product 18,5,32.22,0.07,149.82299999999998
854,h4946SN3WnUV,Middle East,Furniture,2023-09-23,EC230036,16531,Product 1,8,79.14,0.12,557.1456000000001
855,Z4Ft4IAHlXib,Middle East,Electronics,2023-05-12,SO995759,17708,Product 16,2,91.27,0.08,167.9368
856,xGcJDV69fpDR,Middle East,Automobile,2023-04-25,DG419950,16135,Product 18,5,13.33,0.06,62.650999999999996
857,LPN5OCJtBe8z,Asia,Furniture,2023-09-29,YU543592,14117,Product 10,8,21.93,0.14,150.8784
858,T7Q3h3ZDBt05,Asia,Electronics,2023-02-23,AL394434,10816,Product 2,9,89.61,0.21,637.1270999999999
859,C4Y7CTaAWI8j,Middle East,Electronics,2023-02-08,HS947118,10285,Product 9,5,98.74,0.16,414.70799999999997
860,1dR3MRRaMuSP,North America,Furniture,2023-06-09,SD186263,15437,Product 6,4,79.65,0.26,235.764
861,qXtvd0das2g0,Asia,Electronics,2023-07-30,PH230875,10800,Product 1,7,51.31,0.07,334.0281
862,DIZ5K96xqNFh,Middle East,Electronics,2023-05-15,JV929087,17583,Product 2,8,37.34,0.0,298.72
863,p9PTFrxi2p7M,Europe,Electronics,2023-04-12,GZ874976,14452,Product 10,6,15.83,0.23,73.1346
864,5ePU9x4uUOMt,North America,Electronics,2023-04-01,LD230757,11657,Product 16,4,39.13,0.21,123.65080000000002
865,ZpKxFlCIptH9,Asia,Automobile,2023-02-23,FM281353,18641,Product 7,9,80.78,0.12,639.7776
866,gF6useEOcHIb,Middle East,Clothing,2023-03-28,CK651672,17623,Product 16,3,40.04,0.19,97.2972
867,EzqDuAjEU2R0,Middle East,Automobile,2023-08-08,HH875917,14951,Product 17,1,15.24,0.24,11.5824
868,PtQfCFH44ELX,Middle East,Electronics,2023-09-10,ZV814409,17653,Product 7,10,34.13,0.04,327.648
869,rVJLZuknlx5g,North America,Automobile,2023-05-21,VE115328,11375,Product 10,8,42.29,0.09,307.8712
870,c3xddjHEQg3f,Asia,Furniture,2023-09-25,YK844548,13534,Product 17,7,19.56,0.13,119.12039999999999
871,hcZIG4eHxwrr,Asia,Clothing,2023-05-22,NX811538,18861,Product 17,3,30.96,0.09,84.52080000000001
872,wW2BflnmTdb1,Europe,Furniture,2023-09-23,EO054569,17292,Product 2,5,27.7,0.22,108.03
873,kk7Jy906AUGk,North America,Furniture,2023-10-03,IF031082,10153,Product 14,2,32.68,0.28,47.0592
874,BRGOaVeKpd0E,Middle East,Automobile,2023-10-11,HQ093199,18416,Product 1,1,57.12,0.17,47.4096
875,ERh21w8cpFJI,Middle East,Furniture,2023-08-15,TV008134,14860,Product 19,5,43.47,0.06,204.30899999999997
876,DwP42Q8f8Tc2,Asia,Clothing,2023-05-12,UH624581,15100,Product 12,1,64.0,0.14,55.04
877,S8jO7oz38GOf,Asia,Electronics,2023-05-24,OH417747,13541,Product 16,3,92.28,0.2,221.47199999999998
878,llYi49iXKIge,North America,Electronics,2023-10-10,YK937860,12407,Product 2,9,34.0,0.18,250.92000000000002
879,tAwBWZ1QiFUO,Middle East,Electronics,2023-02-28,PU065054,10633,Product 17,2,94.64,0.14,162.7808
880,foDEfZh7lGME,North America,Automobile,2023-10-04,IW620068,18912,Product 3,5,11.7,0.04,56.16
881,6ve79PmbMgp0,Asia,Electronics,2023-03-16,SK341068,10146,Product 1,1,11.38,0.2,9.104000000000001
882,H2a9IlFM9dm5,Europe,Clothing,2023-04-13,BW850836,10215,Product 17,5,23.76,0.01,117.61200000000001
883,iDxw4FF44bWK,Asia,Clothing,2023-03-18,YY509539,16680,Product 14,2,21.28,0.0,42.56
884,fWBarf1zmkoe,North America,Clothing,2023-03-04,NX778132,19167,Product 16,10,94.8,0.2,758.4000000000001
885,UGT78UkJtFtH,North America,Electronics,2023-06-15,TS344301,17597,Product 14,1,40.12,0.03,38.916399999999996
886,29wYE23dMnZ1,Europe,Furniture,2023-03-23,QR051191,14544,Product 9,10,36.18,0.29,256.878
887,yExdoIqWSlA2,Europe,Automobile,2023-06-24,QO415672,17948,Product 3,6,98.91,0.03,575.6561999999999
888,cQhnvgOob0rL,Middle East,Clothing,2023-04-20,GN902715,17485,Product 12,8,18.39,0.13,127.9944
889,V8cYpF5p6R8C,Europe,Electronics,2023-06-25,YY582306,12861,Product 20,7,42.46,0.03,288.3034
890,cLif09rJPD2R,Asia,Automobile,2023-03-10,VG795243,15646,Product 16,2,67.38,0.03,130.7172
891,X7LxcaRGMLla,Middle East,Electronics,2023-03-14,HA517466,11179,Product 16,7,97.26,0.03,660.3954
892,uccwIhpjJsB0,Europe,Electronics,2023-08-19,SB916496,15832,Product 6,10,79.18,0.16,665.1120000000001
893,uwyws531PcM8,Europe,Automobile,2023-01-10,BA169578,18717,Product 8,9,93.35,0.21,663.7185
894,rEkm80vyVVJQ,Middle East,Clothing,2023-05-08,VU147093,17005,Product 17,1,47.49,0.1,42.741
895,CaM0UuExecgc,Asia,Electronics,2023-05-18,KD005725,17537,Product 7,3,74.69,0.22,174.77460000000002
896,bRWN7f2qIlHz,North America,Electronics,2023-04-25,GH765515,13623,Product 4,10,98.75,0.09,898.625
897,ycCqyJNQXhFO,Asia,Automobile,2023-08-21,MH141133,13385,Product 4,6,13.2,0.02,77.616
898,KMDA7EdihsZk,Asia,Electronics,2023-05-30,YT765371,13536,Product 4,5,58.49,0.1,263.20500000000004
899,BqnXD4bUApR4,Asia,Clothing,2023-06-25,DM362094,19699,Product 15,5,49.17,0.15,208.9725
900,n5f0QV4VGS4y,Asia,Clothing,2023-03-26,QV870516,17544,Product 4,3,24.83,0.07,69.27569999999999
901,CgYcXaT6gr3z,North America,Furniture,2023-03-01,HB249504,10191,Product 5,8,39.5,0.08,290.72
902,LjRYvR6vHzWk,North America,Furniture,2023-10-14,PU958324,19851,Product 2,8,12.94,0.14,89.0272
903,KFb1UDhukhcs,Europe,Clothing,2023-05-13,XU849499,18264,Product 14,9,28.56,0.07,239.04719999999998
904,3jrQy7h5Ct0s,Middle East,Clothing,2023-03-04,CV135317,18221,Product 16,4,50.46,0.21,159.45360000000002
905,4kZyE1cxHtKb,Europe,Furniture,2023-06-13,RT879196,16158,Product 10,2,36.37,0.04,69.8304
906,nKGeGmce40Iu,North America,Electronics,2023-10-23,ME481655,10996,Product 16,6,93.08,0.21,441.1992
907,zZWG4QatDPpG,North America,Furniture,2023-08-05,JJ270276,15551,Product 12,5,25.09,0.23,96.5965
908,AadR10F85ynK,Asia,Automobile,2023-04-27,BT081886,17825,Product 4,6,55.0,0.03,320.1
909,05mCQLQzyBek,Middle East,Automobile,2023-02-20,AQ313239,18581,Product 11,3,81.72,0.21,193.6764
910,ddCPb2mA5F32,Europe,Clothing,2023-07-04,SZ687736,17705,Product 16,10,28.61,0.13,248.90699999999998
911,0p0AF45Vghi7,Asia,Electronics,2023-05-01,EM470595,13366,Product 2,7,55.62,0.02,381.55319999999995
912,Q7UeHANGa3nt,Asia,Furniture,2023-01-11,PQ326441,12720,Product 8,8,66.19,0.25,397.14
913,n4cReXqkVOnP,North America,Electronics,2023-01-12,NI155278,10904,Product 12,7,30.48,0.12,187.7568
914,suBC7xlkB1Ea,Middle East,Furniture,2023-01-01,PT825797,19031,Product 5,3,60.96,0.2,146.304
915,BiQvJXVXzB8V,Middle East,Clothing,2023-01-15,KK157293,14119,Product 18,7,66.36,0.03,450.58439999999996
916,VPEeMz7rUH9n,Europe,Electronics,2023-06-12,LG957329,16348,Product 19,1,90.94,0.14,78.2084
917,ZP3ZGICfc2ul,Europe,Clothing,2023-07-10,FL095164,13880,Product 8,3,80.71,0.11,215.49569999999997
918,hWD7Ck9rGAII,Middle East,Electronics,2023-06-12,NM668039,15527,Product 18,10,30.83,0.01,305.217
919,4ZhWaOnaNmd4,Middle East,Furniture,2023-08-18,PP592223,15319,Product 18,1,21.07,0.05,20.0165
920,LqbR2tl8slEK,Europe,Clothing,2023-09-14,GE580528,15288,Product 5,8,14.68,0.09,106.8704
921,YdDdz3zO2eZv,North America,Furniture,2023-05-17,NA915182,14403,Product 7,8,90.79,0.12,639.1616
922,3cHurakGgrZy,Europe,Automobile,2023-03-14,GN493716,10252,Product 9,7,83.13,0.2,465.528
923,n9jZwGZ8bkId,Middle East,Furniture,2023-05-01,CP357064,19977,Product 8,9,46.19,0.27,303.4683
924,7z4kh0BjLB6o,Middle East,Electronics,2023-02-27,WV455886,12984,Product 9,3,96.05,0.19,233.4015
925,SjXlx7LsZ8o8,Middle East,Furniture,2023-03-26,GP133097,19458,Product 8,6,45.32,0.19,220.2552
926,UDl5gXSsSL96,Middle East,Clothing,2023-03-19,FA791318,12034,Product 3,6,80.43,0.16,405.3672
927,aguZAu73uJpe,Asia,Furniture,2023-04-22,WN433753,19535,Product 13,4,40.29,0.23,124.0932
928,LNFLUwpb6Nkf,North America,Automobile,2023-09-15,YP084338,17307,Product 3,7,44.17,0.26,228.8006
929,loIPqNlR4MWi,Europe,Automobile,2023-06-12,DU243916,14538,Product 1,5,83.5,0.22,325.65
930,rfg9PPc9LiSk,North America,Electronics,2023-01-01,FG370961,10473,Product 12,10,44.87,0.16,376.90799999999996
931,tf1Ix28rwe4Q,Middle East,Clothing,2023-02-08,ZQ115260,12467,Product 3,5,22.57,0.27,82.3805
932,jEquTewBbZ10,Middle East,Electronics,2023-03-29,CA089861,12314,Product 3,4,87.97,0.13,306.1356
933,pXaAbRSKqrAj,Middle East,Automobile,2023-04-28,ZJ303009,15622,Product 13,6,33.06,0.08,182.49120000000002
934,vDcxgsR0aYbb,Asia,Electronics,2023-10-07,OH462062,10073,Product 12,3,46.81,0.25,105.3225
935,Pwp9CmXSmoNs,North America,Automobile,2023-07-16,CO749904,15055,Product 17,7,41.75,0.2,233.79999999999998
936,AuevHtYAI0mv,North America,Clothing,2023-08-27,WB192776,12889,Product 6,2,57.74,0.21,91.2292
937,yKhHgOpHgzde,Asia,Clothing,2023-04-30,NI958524,15113,Product 5,4,65.04,0.22,202.92480000000003
938,Dn5L8OAolS8O,Asia,Furniture,2023-09-24,WC325519,11822,Product 2,5,65.58,0.16,275.436
939,PsHitlUoq5zw,Asia,Automobile,2023-07-01,AE913083,15212,Product 3,2,95.09,0.11,169.2602
940,UYFcDFHsojpb,North America,Clothing,2023-06-24,GT816856,19857,Product 13,6,62.91,0.14,324.6156
941,O1OZiTxMUg9S,North America,Electronics,2023-07-02,CF312310,16598,Product 19,2,77.35,0.27,112.93099999999998
942,cHoCzeth4r5w,Asia,Furniture,2023-09-02,TA168187,12384,Product 14,1,48.79,0.02,47.8142
943,FW4hcABFoenK,Middle East,Clothing,2023-01-01,RE249028,17187,Product 19,3,73.9,0.1,199.53000000000003
944,tzWuifsyVgQs,Asia,Furniture,2023-08-16,KS538967,11607,Product 16,2,30.05,0.03,58.297
945,fs9vOdIWD0yP,Middle East,Furniture,2023-03-28,VC523224,17209,Product 15,10,29.49,0.12,259.512
946,6bDEYa70PdYy,Europe,Electronics,2023-09-28,FT303490,10070,Product 17,2,29.34,0.02,57.5064
947,SC9J2hxx4dyn,Europe,Clothing,2023-05-09,JM403269,14688,Product 20,4,17.49,0.06,65.76239999999999
948,kXyrfcj6bcCC,Asia,Electronics,2023-01-31,RQ993028,11678,Product 4,7,45.11,0.11,281.0353
949,j6n2PYQtaIlF,Asia,Furniture,2023-10-28,HL114284,12059,Product 9,2,92.1,0.19,149.202
950,QQjrlQMJAtVI,Asia,Furniture,2023-04-28,LN678321,17840,Product 7,7,18.02,0.24,95.8664
951,RxyU6wVL9LMI,Middle East,Furniture,2023-04-19,VG724780,11244,Product 14,1,38.37,0.04,36.83519999999999
952,g1tBR2ZQSZyH,Middle East,Electronics,2023-09-14,SO320349,11252,Product 4,5,46.67,0.03,226.3495
953,Eh1kEA9xkWuk,Europe,Electronics,2023-03-13,DU269945,14700,Product 19,2,37.13,0.24,56.4376
954,JCoXt0dtKVBy,North America,Automobile,2023-02-16,IQ072031,12316,Product 5,3,29.15,0.16,73.458
955,B21O2R0lbS3m,Europe,Clothing,2023-08-05,PE652835,18300,Product 12,2,96.27,0.05,182.91299999999998
956,IFni5gSWLhAb,North America,Clothing,2023-03-30,XW374878,15359,Product 6,6,51.74,0.05,294.918
957,VDbxHMlL8D0T,Middle East,Furniture,2023-03-08,QQ641028,18640,Product 14,8,73.93,0.28,425.83680000000004
958,CPA0iEiwcLil,Middle East,Furniture,2023-05-24,GY964430,17955,Product 4,9,89.64,0.16,677.6784
959,drqbfuRJug1q,Asia,Furniture,2023-10-05,ZB519610,10805,Product 19,1,83.31,0.04,79.9776
960,aHfZXs9VKbkC,North America,Clothing,2023-04-13,AA416045,15595,Product 11,5,55.45,0.15,235.6625
961,1sb9KMnmrDrD,Middle East,Clothing,2023-05-30,IR820976,10206,Product 13,8,18.88,0.17,125.36319999999999
962,H6xEf2bpcBoY,Middle East,Furniture,2023-09-01,UC672809,18289,Product 13,7,82.59,0.18,474.0666000000001
963,T67TYba7WN5x,Asia,Furniture,2023-01-17,KW735682,17760,Product 14,9,75.41,0.24,515.8044
964,4BJiPlNlRP11,Asia,Furniture,2023-06-30,SM366598,19158,Product 8,2,52.93,0.11,94.2154
965,eGywZLUE3jst,Middle East,Automobile,2023-10-26,UR055507,11126,Product 3,1,74.66,0.21,58.9814
966,WyOLA7PERSK6,Middle East,Automobile,2023-06-10,HC834438,17367,Product 7,10,59.45,0.07,552.885
967,inGQKlxY8q5V,Europe,Automobile,2023-02-26,US636696,13243,Product 10,9,50.35,0.19,367.05150000000003
968,t7BymbRV0dSp,Asia,Clothing,2023-04-29,PB239220,16775,Product 11,2,31.07,0.22,48.4692
969,dKBtYSP8IUyE,Europe,Clothing,2023-02-11,OI241998,11835,Product 3,8,26.7,0.11,190.10399999999998
970,DvwVeni2kGc5,North America,Electronics,2023-07-07,HV077663,19931,Product 11,10,23.69,0.16,198.99599999999998
971,Fkx3GkEQG70j,Europe,Automobile,2023-01-26,CJ976194,14275,Product 1,1,77.25,0.03,74.9325
972,FrSxJS4xmepq,Europe,Clothing,2023-01-01,SA574955,17014,Product 8,1,72.51,0.09,65.98410000000001
973,SaGG7F4yroWi,North America,Automobile,2023-06-01,QH717076,19406,Product 15,10,17.21,0.3,120.47
974,2mxBMgb3UsKa,Middle East,Clothing,2023-02-02,EO076830,11655,Product 8,7,21.28,0.25,111.72
975,t2paoKPkh6AB,Asia,Clothing,2023-06-13,FB136959,19208,Product 11,7,29.8,0.15,177.31
976,95Aj2vrwPzAD,North America,Clothing,2023-04-30,ZI820851,11628,Product 6,9,62.58,0.03,546.3234
977,TQrePI1NkbdW,Middle East,Clothing,2023-04-11,OC748069,17590,Product 1,4,93.54,0.01,370.4184
978,NMWl03bb5yY4,North America,Furniture,2023-04-13,EY926867,10538,Product 20,2,11.09,0.2,17.744
979,cj5ULBsA22RQ,Europe,Electronics,2023-10-05,CB758305,19119,Product 20,10,67.72,0.0,677.2
980,GsJD9stO1CPQ,Europe,Clothing,2023-08-25,XH997675,15079,Product 8,5,15.47,0.04,74.256
981,LXRxKr9sNF2U,Europe,Clothing,2023-02-25,WK140438,19547,Product 20,5,21.66,0.04,103.96799999999999
982,x2h28vwnGjJY,Europe,Furniture,2023-05-01,KH495092,15200,Product 16,9,94.81,0.16,716.7636
983,cpn7zLM7ZjmB,North America,Furniture,2023-06-25,DU775560,13014,Product 19,1,87.23,0.13,75.8901
984,1Hmy37GFNZqx,North America,Electronics,2023-05-08,ZO965867,13091,Product 7,8,55.79,0.12,392.7616
985,pFgQ7ban9Pdq,North America,Clothing,2023-10-21,CW718446,11026,Product 2,7,34.93,0.26,180.9374
986,24ps3KeRKp1r,Asia,Clothing,2023-07-13,RT688243,11004,Product 2,6,72.05,0.04,415.0079999999999
987,jUGTgU04Ulhi,Europe,Clothing,2023-03-15,CV898380,17344,Product 6,1,40.57,0.26,30.0218
988,OKVf7VIBKowK,North America,Furniture,2023-03-20,QY864369,16559,Product 20,9,81.52,0.19,594.2808
989,hNxIMc78Oekk,Europe,Clothing,2023-04-21,II632811,13936,Product 7,9,24.43,0.25,164.90249999999997
990,iZZEzlcsT4ej,Europe,Automobile,2023-04-26,YG808212,19772,Product 14,6,72.85,0.22,340.938
991,Mb2nNetFqDfp,North America,Automobile,2023-10-21,WS072600,15987,Product 12,9,68.98,0.17,515.2806
992,FrvPhyzlggCK,North America,Electronics,2023-10-23,UZ654653,11284,Product 10,4,29.55,0.08,108.74400000000001
993,x19cCw6feV3W,Europe,Electronics,2023-03-08,WO327381,15697,Product 1,7,67.8,0.27,346.45799999999997
994,sfF6wpmxEaG2,North America,Electronics,2023-06-04,VT789509,17696,Product 20,2,58.48,0.06,109.94239999999999
995,TaWrmSl488Br,North America,Automobile,2023-05-06,KI682288,13260,Product 4,10,89.2,0.18,731.44
996,dYRxN5rCW4j3,Asia,Clothing,2023-02-12,MW829776,14947,Product 7,4,54.64,0.04,209.8176
997,ZdXr5k6IdgsK,Middle East,Furniture,2023-02-03,PZ927176,12424,Product 1,10,60.11,0.06,565.034
998,ZlO6LsyxZ676,North America,Electronics,2023-06-15,HA303934,13891,Product 11,9,73.18,0.29,467.6202
999,Jt7lKi0QtLj8,North America,Furniture,2023-05-18,FG757740,16900,Product 7,6,62.11,0.16,313.0344
